datetime,open,high,low,close,volume
2020-05-21 20:30:00,27.03172073,28.06505613,26.51005302,28.00505601,4321209.35758129
2020-05-22 20:30:00,29.80339294,31.60172987,28.33339,29.87339308,6521614.95677009
2020-05-26 20:30:00,31.20672908,31.42672952,29.90089314,30.00839335,3921418.15716369
2020-05-27 20:30:00,30.66339466,32.666732,30.47672762,32.54673176,4318779.36244128
2020-05-28 20:30:00,32.83839901,32.83839901,30.92589519,31.06506213,3209201.58159684
2020-05-29 20:30:00,30.77172821,31.09506219,30.21839377,30.42172751,3340163.31967336
2020-06-01 20:30:00,30.53672774,32.84506569,30.53672774,32.63673194,4922774.15445169
2020-06-02 20:30:00,32.80173227,34.0167347,32.5848985,33.99506799,4695950.60809878
2020-06-03 20:30:00,34.72340278,35.67257135,34.24006848,35.43007086,4502426.99514601
2020-06-04 20:30:00,35.37840409,35.50673768,33.33506667,34.000068,4265061.46987706
2020-06-05 20:30:00,35.57673782,36.3642394,34.03006806,34.17673502,4382439.23512153
2020-06-08 20:30:00,34.24673516,34.40506881,33.22173311,33.40840015,2856012.28797542
2020-06-09 20:30:00,32.92506585,33.27173321,32.42673152,32.57339848,2713878.57224286
2020-06-10 20:30:00,32.67673202,33.70590075,32.28839791,33.02506605,2704008.59198282
2020-06-11 20:30:00,31.66673,32.41006482,31.1167289,31.83673034,3017957.96408407
2020-06-12 20:30:00,33.04173275,33.09173285,31.61839657,32.68173203,2440567.11886576
2020-06-15 20:30:00,31.73673014,32.28338123,31.13172893,32.1833977,2247985.50402899
2020-06-16 20:30:00,33.49006698,33.49006698,31.65089664,32.81339896,2070427.85914428
2020-06-17 20:30:00,33.03673274,33.32506665,32.28006456,33.06506613,2888910.22217956
2020-06-18 20:30:00,32.99673266,34.22673512,32.63451527,33.40840015,3881350.23729953
2020-06-19 20:30:00,33.83506767,34.34506869,32.37839809,32.66839867,3540100.91979816
2020-06-22 20:30:00,32.66839867,33.53173373,32.34839803,33.45506691,1778192.44361511
2020-06-23 20:30:00,33.95340124,34.03006806,33.05673278,33.69006738,1917068.16586367
2020-06-24 20:30:00,33.58506717,34.16840167,32.21006442,32.42006484,2988870.02225996
2020-06-25 20:30:00,32.11173089,32.81339896,31.90673048,32.17673102,1796228.40754318
2020-06-26 20:30:00,31.89673046,32.09339752,30.77172821,31.01839537,2649636.7007266
2020-06-29 20:30:00,31.31172929,32.77339888,31.05506211,32.44506489,2221519.55696089
2020-06-30 20:30:00,32.26839787,32.9833993,32.16839767,32.73173213,1714934.57013086
2020-07-01 20:30:00,32.86339906,33.24006648,32.10756422,32.39173145,2030527.93894412
2020-07-02 20:30:00,33.11506623,33.50340034,32.19506439,32.3667314,1338201.32359735
2020-07-06 20:30:00,33.16506633,33.17923303,32.14256429,32.4833983,1849994.3000114
2020-07-07 20:30:00,32.08173083,32.35423138,31.43672954,31.5167297,1813148.37370325
2020-07-08 20:30:00,31.61006322,32.24339782,31.5500631,32.22673112,1479705.04058992
2020-07-09 20:30:00,32.57506515,32.76506553,30.70172807,31.67006334,2688780.62243876
2020-07-10 20:30:00,31.8833971,32.70673208,31.61506323,32.67339868,1560320.87935824
2020-07-13 20:30:00,33.00506601,33.35831672,32.000064,32.29006458,1739696.52060696
2020-07-14 20:30:00,32.11506423,33.11839957,31.46839627,33.07173281,1954100.09179982
2020-07-15 20:30:00,34.03173473,34.64173595,33.22673312,33.65840065,2594526.81094638
2020-07-16 20:30:00,33.666734,33.91506783,33.36006672,33.78006756,1966544.06691187
2020-07-17 20:30:00,33.78673424,33.99840133,33.11173289,33.55840045,1433589.13282173
2020-07-20 20:30:00,33.34840003,33.57673382,32.38506477,32.71173209,1611572.77685445
2020-07-21 20:30:00,33.06506613,33.82090098,32.89839913,33.5500671,1896776.20644759
2020-07-22 20:30:00,34.16173499,34.81020295,33.82340098,34.40673548,2767014.46597107
2020-07-23 20:30:00,34.09340152,35.06590347,34.0667348,34.40840215,2458267.08346583
2020-07-24 20:30:00,34.45506891,34.85340304,34.10173487,34.29673526,1729982.54003492
2020-07-27 20:30:00,34.35340204,35.5834045,34.32173531,35.18673704,2818326.36334727
2020-07-28 20:30:00,35.00507001,35.63507127,34.80840295,35.10340354,2104669.79066042
2020-07-29 20:30:00,35.36507073,36.72674012,35.24340382,36.47173961,2434075.13184974
2020-07-30 20:30:00,35.88007176,36.63507327,35.46173759,35.69173805,2727930.54413891
2020-07-31 20:30:00,33.03839941,35.8500717,32.70173207,34.87506975,3558658.88268223
2020-08-03 20:30:00,35.13173693,35.13173693,34.07508482,34.43673554,2371951.25609749
2020-08-04 20:30:00,34.21840177,34.51506903,33.80673428,34.24340182,3538966.92206616
2020-08-05 20:30:00,34.49506899,35.72090478,34.26840187,35.24340382,1688732.62253476
2020-08-06 20:30:00,35.08173683,35.08173683,34.00173467,34.41840217,1630946.73810652
2020-08-07 20:30:00,34.333402,35.10507021,34.00173467,35.09340352,1302969.39406121
2020-08-10 20:30:00,35.33173733,36.8657904,35.24507049,36.4167395,2639214.72157056
2020-08-11 20:30:00,36.79674026,37.6167419,36.68674004,37.22007444,2444923.11015378
2020-08-12 20:30:00,37.47507495,37.55340844,36.79840693,36.81174029,2334037.33192534
2020-08-13 20:30:00,36.54007308,36.66340666,35.98007196,36.3167393,1175877.6482447
2020-08-14 20:30:00,36.11840557,36.46257293,35.89507179,35.95173857,1427907.14418571
2020-08-17 20:30:00,36.23173913,36.23173913,35.06340346,35.36007072,2463733.07253385
2020-08-18 20:30:00,35.45840425,35.57007114,34.81006962,35.13840361,2167261.66547667
2020-08-19 20:30:00,35.18007036,35.32340398,34.55756912,34.6167359,1488807.02238596
2020-08-20 20:30:00,34.28840191,35.2000704,33.98006796,34.62673592,1345089.30982138
2020-08-21 20:30:00,34.67673602,35.00507001,34.2834019,34.89840313,902722.19455561
2020-08-24 20:30:00,34.97673662,35.36923741,34.55506911,34.88006976,1720964.55807088
2020-08-25 20:30:00,35.03507007,35.22007044,34.3485687,34.95673658,2579490.84101832
2020-08-26 20:30:00,34.95673658,35.37007074,34.83006966,35.26507053,1444749.11050178
2020-08-27 20:30:00,35.54173775,35.84865503,35.0500701,35.13673694,1097565.80486839
2020-08-28 20:30:00,35.51173769,35.51173769,34.57840249,35.06507013,1075995.8480083
2020-08-31 20:30:00,35.0834035,35.0834035,33.90340114,33.97840129,1863524.27295145
2020-09-01 20:30:00,33.99006798,35.01257003,33.71340076,34.99506999,1640756.71848656
2020-09-02 20:30:00,35.41507083,35.4167375,34.28006856,34.60506921,1506764.98647003
2020-09-03 20:30:00,34.58673584,34.58673584,32.79256559,33.04006608,1805120.38975922
2020-09-04 20:30:00,33.3834001,33.55256711,32.30506461,32.84673236,1853096.29380741
2020-09-08 20:30:00,32.36839807,33.98006796,32.09673086,33.31506663,2058319.88336023
2020-09-09 20:30:00,33.63173393,34.00506801,33.17839969,33.82840099,1596332.80733439
2020-09-10 20:30:00,34.07340148,34.29590193,32.9500659,33.04839943,1902146.19570761
2020-09-11 20:30:00,33.54006708,33.99340132,33.1000662,33.86840107,2305699.38860122
2020-09-14 20:30:00,34.18006836,34.82756966,34.07590149,34.69840273,1420701.15859768
2020-09-15 20:30:00,34.89506979,35.77673822,34.7500695,35.73840481,2414983.17003366
2020-09-16 20:30:00,36.14007228,37.13674094,35.90063847,36.56507313,2772336.45532709
2020-09-17 20:30:00,35.89840513,36.41840617,35.35673738,35.55507111,2244253.51149298
2020-09-18 20:30:00,35.91507183,35.91507183,34.25673518,34.81840297,2788884.42223116
2020-09-21 20:30:00,34.10673488,34.53673574,33.69506739,34.50840235,1749920.500159
2020-09-22 20:30:00,34.69340272,35.666738,34.48506897,35.61173789,1733090.53381893
2020-09-23 20:30:00,35.78673824,37.20674108,35.61840457,35.75173817,3656716.68656663
2020-09-24 20:30:00,35.71840477,36.6334066,34.9834033,36.27507255,1575764.8484703
2020-09-25 20:30:00,36.00340534,36.34005601,35.51840437,35.86840507,1523906.9521861
2020-09-28 20:30:00,36.20507241,36.96174059,36.20507241,36.54507309,1415901.16819766
2020-09-29 20:30:00,36.38007276,36.60590655,35.7000714,36.31840597,1439103.12179376
2020-09-30 20:30:00,36.43007286,36.93840721,36.25673918,36.66840667,1993304.01339197
2020-10-01 20:30:00,37.10840755,39.666746,36.99007398,39.2667452,4817276.36544727
2020-10-02 20:30:00,38.29340992,39.74507949,38.29340992,39.56341246,1845206.30958738
2020-10-05 20:30:00,39.69841273,39.93174653,38.80174427,39.7500795,1424019.1519617
2020-10-06 20:30:00,40.01841337,40.05341344,38.97341128,39.16174499,2073841.8523163
2020-10-07 20:30:00,39.84174635,40.40174747,39.64507929,40.05674678,1836314.32737135
2020-10-08 20:30:00,40.55508111,41.17186568,40.1150969,40.87674842,1803428.39314321
2020-10-09 20:30:00,41.3000826,41.92008384,40.88174843,41.86841707,1951016.0979678
2020-10-12 20:30:00,42.74175215,42.97990263,41.99675066,42.22341778,2071213.85757228
2020-10-13 20:30:00,41.74841683,42.35508471,41.333416,42.27175121,2440579.11884176
2020-10-14 20:30:00,42.35341804,42.92341918,42.32321798,42.6834187,2020087.95982408
2020-10-15 20:30:00,42.33508467,43.80842095,41.89175045,43.6834207,1763948.47210306
2020-10-16 20:30:00,43.64675396,44.44675556,43.31045329,43.72008744,3505150.98969802
2020-10-19 20:30:00,43.9667546,44.5167557,41.16841567,42.166751,4462083.07583385
2020-10-20 20:30:00,42.30341794,42.71341876,41.56008312,41.58674984,2035135.92972814
2020-10-21 20:30:00,41.91841717,42.08175083,40.90674848,41.27341588,1803398.39320321
2020-10-22 20:30:00,41.87175041,41.87175041,40.666748,41.28674924,2015929.96814006
2020-10-23 20:30:00,41.32341598,42.74841883,40.71341476,42.53508507,2694144.61171078
2020-10-26 20:30:00,42.500085,43.66342066,42.18175103,43.6334206,2091151.81769636
2020-10-27 20:30:00,43.65175397,43.98508797,42.95175257,43.67175401,2695308.60938278
2020-10-28 20:30:00,42.666752,43.06466946,41.14508229,41.70175007,2177215.64556871
2020-10-29 20:30:00,41.56174979,43.15175297,41.44841623,42.96175259,2768202.46359507
2020-10-30 20:30:00,43.64175395,43.69842073,41.13674894,42.22841779,3873328.25334349
2020-11-02 21:30:00,42.25841785,42.77841889,41.83841701,42.4834183,2281261.43747713
2020-11-03 21:30:00,43.13841961,43.13841961,41.44174955,41.93175053,2444971.11005778
2020-11-04 21:30:00,41.79841693,43.54342042,41.69341672,43.51008702,1973192.05361589
2020-11-05 21:30:00,43.81008762,46.8000936,43.75092084,46.42842619,3746410.50717899
2020-11-06 21:30:00,46.7000934,46.7000934,44.91008982,45.04842343,2911704.17659165
2020-11-09 21:30:00,47.09176085,47.54676176,42.33508467,42.46008492,3937738.12452375
2020-11-10 21:30:00,42.61508523,42.92341918,40.14341362,41.92175051,4056489.88702023
2020-11-11 21:30:00,42.19175105,43.4834203,41.72841679,42.27008454,1939508.12098376
2020-11-12 21:30:00,42.23675114,42.57540182,40.66008132,41.37508275,2801982.39603521
2020-11-13 21:30:00,41.86841707,42.45841825,41.38508277,41.8500837,2140999.71800056
2020-11-16 21:30:00,42.166751,42.23841781,40.40508081,41.64341662,3703138.59372281
2020-11-17 21:30:00,41.75508351,42.75675218,41.27008254,42.38675144,1713626.57274685
2020-11-18 21:30:00,42.40341814,43.03841941,41.83625034,41.98675064,1671788.65642269
2020-11-19 21:30:00,42.04341742,42.20841775,40.94674856,41.4500829,1884884.23023154
2020-11-20 21:30:00,41.27508255,41.46008292,40.20674708,41.20174907,2157847.68430463
2020-11-23 21:30:00,41.61341656,43.13370293,41.29008258,42.90341914,2304925.39014922
2020-11-24 21:30:00,43.39342012,43.96638793,42.833419,43.24841983,1684682.63063474
2020-11-25 21:30:00,43.3834201,44.57008914,42.76841887,44.08175483,1558328.88334223
2020-11-27 21:30:00,43.98175463,44.34342202,42.91841917,43.36175339,853654.29269141
2020-11-30 21:30:00,43.24175315,43.38175343,42.14175095,42.43175153,2161687.67662465
2020-12-01 21:30:00,43.0834195,44.29508859,42.71008542,44.07508815,3225611.5487769
2020-12-02 21:30:00,44.0334214,44.89175645,43.4834203,44.86508973,2140981.71803656
2020-12-03 21:30:00,45.166757,46.84176035,44.97008994,46.67676002,3295229.40954118
2020-12-04 21:30:00,46.67509335,48.18676304,46.14175895,48.10342954,2969976.06004788
2020-12-07 21:30:00,47.66009532,48.26842987,46.94342722,48.166763,2101093.7978124
2020-12-08 21:30:00,48.65676398,49.85759972,47.8500957,49.19343172,2510166.97966604
2020-12-09 21:30:00,49.48843231,50.32343398,48.9834313,49.54343242,1973210.05357989
2020-12-10 21:30:00,49.32676532,50.29510059,48.11842957,48.60676388,1825400.3491993
2020-12-11 21:30:00,48.08009616,48.96259793,47.90342914,48.65176397,1679108.64178272
2020-12-14 21:30:00,48.96176459,49.98176663,48.94926457,49.1500983,2375497.2490055
2020-12-15 21:30:00,49.30509861,50.73010146,49.21509843,50.71176809,1662650.67469865
2020-12-16 21:30:00,51.29010258,51.30176927,49.31176529,50.03176673,1831970.33605933
2020-12-17 21:30:00,50.32343398,50.50843435,49.49343232,50.16010032,1616228.76754247
2020-12-18 21:30:00,50.40510081,50.40510081,48.60343054,49.12009824,3077681.84463631
2020-12-21 21:30:00,48.34509669,50.0476001,48.04342942,50.00343334,1829150.34169932
2020-12-22 21:30:00,49.75843285,50.2167671,48.59926387,48.99343132,1634738.73052254
2020-12-23 21:30:00,49.40676548,49.50343234,48.6334306,49.25843185,1571864.85627029
2020-12-24 21:30:00,49.47176561,49.49176565,48.64843063,48.79009758,438839.12232176
2020-12-28 21:30:00,49.00843135,49.18426504,48.33343,48.48843031,1318125.36374927
2020-12-29 21:30:00,48.5834305,48.82176431,47.00176067,47.90842915,1451253.09749381
2020-12-30 21:30:00,47.85509571,48.19509639,47.55426178,47.666762,1227675.54464891
2020-12-31 21:30:00,47.80676228,48.24009648,47.27342788,47.79676226,1310661.37867724
2021-01-04 21:30:00,48.28842991,48.36176339,46.56009312,47.24176115,2990226.01954796
2021-01-05 21:30:00,47.19009438,49.17176501,47.19009438,48.99676466,1633496.73300653
2021-01-06 21:30:00,49.21509843,52.37593809,49.21509843,52.06177079,2912814.17437165
2021-01-07 21:30:00,52.21010442,52.97628929,51.67343668,52.81010562,1621220.75755848
2021-01-08 21:30:00,53.04677276,53.3834401,51.84510369,52.40510481,2640702.71859456
2021-01-11 21:30:00,51.94177055,55.1001102,51.78177023,54.48677564,2092513.81497237
2021-01-12 21:30:00,55.00011,56.01344536,54.25844185,55.43677754,2110999.77800044
2021-01-13 21:30:00,55.90177847,56.05344544,53.45844025,54.05677478,2216557.56688487
2021-01-14 21:30:00,54.41844217,55.18011036,53.79010758,53.97677462,2348521.30295739
2021-01-15 21:30:00,53.4334402,54.61010922,52.58843851,54.333442,1731572.53685493
2021-01-19 21:30:00,54.85844305,54.85844305,53.0167727,53.8501077,2311759.37648125
2021-01-20 21:30:00,54.48844231,55.35177737,53.75760752,55.15677698,2325889.3482213
2021-01-21 21:30:00,55.82344498,55.82344498,53.81010762,53.833441,1856546.28690743
2021-01-22 21:30:00,53.4834403,54.02177471,52.72343878,53.31343996,1502696.99460601
2021-01-25 21:30:00,53.20677308,54.25677518,51.73843681,52.39510479,1920296.15940768
2021-01-26 21:30:00,52.88510577,52.98617264,50.35510071,50.70510141,1824176.3516473
2021-01-27 21:30:00,49.67343268,49.83843301,46.1167589,46.43509287,4952438.09512381
2021-01-28 21:30:00,47.40342814,48.82759766,46.60175987,48.44176355,4090683.81863236
2021-01-29 21:30:00,48.24676316,49.40509881,47.63509527,48.66343066,1986386.02722795
2021-02-01 21:30:00,49.02843139,49.99343332,48.6475973,49.89009978,1525442.9491141
2021-02-02 21:30:00,51.000102,52.74843883,50.76468486,52.00177067,2009467.98106404
2021-02-03 21:30:00,52.45177157,52.75177217,51.18545237,51.59510319,1304313.39137322
2021-02-04 21:30:00,51.98510397,54.1001082,51.90677048,52.81343896,2374717.2505655
2021-02-05 21:30:00,53.50510701,55.27011054,51.66677,52.78843891,3030953.93809212
2021-02-08 21:30:00,52.95677258,53.67510735,52.36177139,53.3667734,2089093.82181236
2021-02-09 21:30:00,53.29677326,54.4167755,53.29677326,54.2501085,1762952.47409505
2021-02-10 21:30:00,54.82677632,54.89427646,53.19093972,53.46844027,1975094.0498119
2021-02-11 21:30:00,54.14677496,54.14677496,52.59343852,53.24010648,1801340.39731921
2021-02-12 21:30:00,52.95677258,53.90844115,52.74010548,53.88677444,1315641.36871726
2021-02-16 21:30:00,54.42844219,54.49844233,53.06510613,53.96844127,2278291.44341711
2021-02-17 21:30:00,53.50844035,54.32510865,52.89010578,53.94344122,1656632.68673463
2021-02-18 21:30:00,53.62510725,54.21510843,53.03843941,53.87177441,1461429.07714185
2021-02-19 21:30:00,53.73844081,55.25292717,53.57844049,55.19344372,2356543.28691343
2021-02-22 21:30:00,54.9167765,56.76261353,54.3834421,54.67344268,1855898.28820342
2021-02-23 21:30:00,53.91844117,54.31177529,51.89177045,54.05844145,2559966.88006624
2021-02-24 21:30:00,54.15177497,55.80177827,54.12760826,55.24677716,1814798.37040326
2021-02-25 21:30:00,55.54011108,55.57677782,52.86343906,53.17677302,1677542.64491471
2021-02-26 21:30:00,53.9334412,55.27677722,53.76530753,54.35177537,2821608.35678329
2021-03-01 21:30:00,55.16511033,56.33627934,54.94844323,55.25511051,2160949.67810064
2021-03-02 21:30:00,55.33844401,55.79177825,54.166775,54.28177523,1350267.2994654
2021-03-03 21:30:00,54.43677554,55.26011052,53.34177335,53.49510699,1884338.23132354
2021-03-04 21:30:00,53.06510613,53.84677436,50.76343486,51.7334368,2015617.96876406
2021-03-05 21:30:00,52.55677178,52.84843903,50.54676776,52.73177213,2197627.60474479
2021-03-08 21:30:00,52.97843929,54.90177647,52.67927203,52.82843899,2180179.63964072
2021-03-09 21:30:00,53.78844091,54.4667756,53.09343952,53.77177421,2072629.85474029
2021-03-10 21:30:00,54.40510881,54.69344272,52.43843821,52.65677198,1710410.57917884
2021-03-11 21:30:00,53.30343994,54.6167759,52.34010468,54.52344238,2152741.69451661
2021-03-12 21:30:00,54.33177533,55.38677744,54.0167747,54.71010942,1233261.53347693
2021-03-15 20:30:00,54.7501095,57.30844795,54.7501095,57.22511445,1366479.26704147
2021-03-16 20:30:00,57.500115,57.500115,55.7834449,56.4501129,1035507.92898414
2021-03-17 20:30:00,56.34011268,57.35511471,55.47511095,57.35511471,1294227.41154518
2021-03-18 20:30:00,57.06511413,57.25178117,54.81344296,55.16011032,1237887.52422495
2021-03-19 20:30:00,55.71011142,57.07011414,54.58677584,56.4501129,3454727.09054582
2021-03-22 20:30:00,57.02511405,57.04678076,54.89177645,55.4667776,2360089.27982144
2021-03-23 20:30:00,55.21344376,56.05594545,52.38843811,53.10510621,2236795.52640895
2021-03-24 20:30:00,53.54010708,53.96927461,51.84510369,51.95510391,1969670.06065988
2021-03-25 20:30:00,51.18676904,53.90510781,50.84510169,53.62510725,1195929.60814078
2021-03-26 20:30:00,53.89844113,55.65677798,53.63260727,55.64011128,1250043.499913
2021-03-29 20:30:00,55.60844455,55.96177859,53.10677288,53.38844011,1770446.45910708
2021-03-30 20:30:00,53.46177359,54.60677588,53.2501065,54.28010856,1247805.50438899
2021-03-31 20:30:00,54.94010988,55.50844435,54.50427568,55.07011014,981382.03723593
2021-04-01 20:30:00,55.7667782,55.98511197,54.68677604,55.08677684,1677350.64529871
2021-04-05 20:30:00,55.62511125,55.62511125,54.166775,55.166777,1584152.83169434
2021-04-06 20:30:00,55.57511115,57.88261577,55.47177761,56.49511299,1811264.37747125
2021-04-07 20:30:00,56.54344642,56.9667806,55.89094512,56.55344644,1122927.75414449
2021-04-08 20:30:00,57.09178085,57.09178085,55.73844481,56.09677886,961186.07762784
2021-04-09 20:30:00,56.05511211,57.22511445,56.04677876,57.0667808,783946.43210714
2021-04-12 20:30:00,56.86011372,58.03844941,56.46927961,57.65678198,1472805.05438989
2021-04-13 20:30:00,57.55511511,57.66344866,55.78427824,55.9667786,949408.1011838
2021-04-14 20:30:00,55.78011156,56.73678014,55.29677726,56.02344538,928006.14398771
2021-04-15 20:30:00,56.54677976,56.66678,55.42844419,56.58844651,945856.10828778
2021-04-16 20:30:00,57.13011426,57.500115,56.53011306,56.84344702,901084.1978316
2021-04-19 20:30:00,56.52511305,56.58177983,55.51761104,56.21011242,1185087.62982474
2021-04-20 20:30:00,55.80344494,55.96511193,53.79427426,54.64177595,1158927.68214464
2021-04-21 20:30:00,54.63510927,55.86511173,54.26344186,55.49511099,1021341.95731609
2021-04-22 20:30:00,55.500111,56.71178009,55.35177737,55.77011154,969970.06005988
2021-04-23 20:30:00,56.33511267,57.78011556,55.92011184,57.29511459,1394901.21019758
2021-04-26 20:30:00,57.58678184,58.2501165,56.12511225,56.49677966,1498215.00356999
2021-04-27 20:30:00,56.9501139,58.27844989,56.79344692,57.78178223,1435593.12881374
2021-04-28 20:30:00,57.72344878,58.62845059,57.26344786,58.26344986,1392567.21486557
2021-04-29 20:30:00,58.73011746,58.9501179,58.09511619,58.55678378,1211151.57769684
2021-04-30 20:30:00,58.13511627,58.8167843,56.23011246,56.3667794,1370289.25942148
2021-05-03 20:30:00,56.65511331,58.06011612,56.53511307,57.76844887,1299969.4000612
2021-05-04 20:30:00,57.40178147,58.37011674,56.63844661,58.30511661,1133469.73306053
2021-05-05 20:30:00,58.8667844,58.95178457,57.10761422,57.45678158,1015791.96841606
2021-05-06 20:30:00,57.68844871,57.68844871,55.95677858,56.73678014,1363431.27313745
2021-05-07 20:30:00,56.94178055,57.54844843,56.58844651,56.88178043,962314.07537185
2021-05-10 20:30:00,56.57511315,56.75594685,54.35760872,55.00177667,2217169.56566087
2021-05-11 20:30:00,54.32677532,54.87177641,53.33927335,53.94510789,2098885.8022284
2021-05-12 20:30:00,53.43677354,54.53510907,52.18843771,52.33677134,1429941.14011772
2021-05-13 20:30:00,52.86510573,54.99510999,52.86510573,53.88844111,1419771.16045768
2021-05-14 20:30:00,54.30344194,55.97344528,53.72844079,55.95844525,1426407.14718571
2021-05-17 20:30:00,55.90844515,56.96178059,55.4142775,56.87344708,1417311.16537767
2021-05-18 20:30:00,56.78844691,57.04011408,55.39011078,55.42011084,1624412.7511745
2021-05-19 20:30:00,54.34510869,54.42344218,53.05677278,53.86010772,1683728.63254273
2021-05-20 20:30:00,53.833441,53.86010772,51.000102,51.87010374,3589900.82019836
2021-05-21 20:30:00,55.4501109,57.53511507,54.000108,55.96011192,6767302.46539507
2021-05-24 20:30:00,56.71178009,57.8167823,56.39177945,56.44344622,2238751.52249696
2021-05-25 20:30:00,56.59344652,56.98178063,55.55677778,55.92177851,1634120.73175854
2021-05-26 20:30:00,56.24177915,57.63511527,55.90147847,57.03844741,1426743.14651371
2021-05-27 20:30:00,57.2001144,58.09511619,56.51844637,56.51844637,2214415.57116886
2021-05-28 20:30:00,56.40844615,56.70344674,55.02844339,55.90677848,1566278.86744227
2021-06-01 20:30:00,56.45344624,56.99844733,55.99927867,56.97344728,1444713.11057378
2021-06-02 20:30:00,57.19844773,57.19844773,53.87677442,55.16011032,2917200.16559967
2021-06-03 20:30:00,54.62177591,55.43177753,53.50177367,54.80677628,1744832.51033498
2021-06-04 20:30:00,55.17844369,55.36946074,53.59844053,53.99677466,2226427.54714491
2021-06-07 20:30:00,53.85510771,54.93844321,53.61344056,54.1334416,1598840.8023184
2021-06-08 20:30:00,54.38677544,54.53010906,53.51344036,54.2501085,1407819.18436163
2021-06-09 20:30:00,54.34844203,54.48010896,53.7834409,53.96844127,1975064.0498719
2021-06-10 20:30:00,54.06844147,54.83010966,53.69010738,54.166775,1765658.46868306
2021-06-11 20:30:00,54.48510897,55.85177837,54.48510897,55.74177815,1230831.53833692
2021-06-14 20:30:00,55.82511165,56.38011276,55.45344424,55.76344486,1351047.2979054
2021-06-15 20:30:00,55.79344492,56.03011206,54.86344306,55.65511131,1871222.25755548
2021-06-16 20:30:00,55.42344418,55.55927779,54.166775,54.50844235,2085097.82980434
2021-06-17 20:30:00,54.24344182,54.83677634,53.57594049,54.26844187,2674332.6513347
2021-06-18 20:30:00,53.59510719,55.74177815,53.59510719,54.22844179,3767698.46460307
2021-06-21 20:30:00,54.45510891,56.40344614,54.35677538,56.12011224,1780946.43810712
2021-06-22 20:30:00,55.91011182,58.03511607,55.34607736,58.02511605,1880834.23833152
2021-06-23 20:30:00,58.43511687,58.94678456,57.8501157,58.7001174,1899512.2009756
2021-06-24 20:30:00,59.20845175,59.500119,57.87011574,59.31345196,2037037.92592415
2021-06-25 20:30:00,60.27345388,64.10512821,60.00012,63.44346022,24803956.39208721
2021-06-28 20:30:00,63.73679414,63.92179451,62.90345914,63.72846079,3485015.02996994
2021-06-29 20:30:00,64.01012802,64.6001292,63.33346,63.8001276,2842602.31479537
2021-06-30 20:30:00,63.69012738,64.28762858,63.08679284,64.01179469,2825838.3483233
2021-07-01 20:30:00,64.43179553,66.03679874,64.32846199,64.97679662,2738100.52379895
2021-07-02 20:30:00,64.89846313,65.47513095,64.2334618,65.43846421,2026585.94682811
2021-07-06 20:30:00,65.84013168,66.03846541,63.75679418,64.55846245,2700972.5980548
2021-07-07 20:30:00,64.33012866,65.61846457,63.99346132,65.1001302,1791074.41785116
2021-07-08 20:30:00,63.68179403,64.78459624,62.81845897,63.95346124,1839038.32192336
2021-07-09 20:30:00,64.61346256,65.24679716,63.95346124,65.00013,1185885.62822874
2021-07-12 20:30:00,65.00013,65.94513189,64.43679554,65.65679798,1970546.05890788
2021-07-13 20:30:00,64.93012986,65.51846437,64.59846253,64.83512967,1331553.33689333
2021-07-14 20:30:00,65.2167971,65.500131,64.28846191,64.32179531,1504928.99014202
2021-07-15 20:30:00,64.11512823,64.32012864,62.87179241,63.47679362,2706582.58683483
2021-07-16 20:30:00,63.89179445,64.14846163,62.30345794,62.46512493,1136655.72668855
2021-07-19 20:30:00,61.39512279,63.80512761,61.39512279,62.47179161,1480143.03971392
2021-07-20 20:30:00,62.9501259,64.82679632,62.38679144,64.30846195,1369473.26105348
2021-07-21 20:30:00,64.58512917,65.44179755,64.20846175,64.500129,1178067.64386471
2021-07-22 20:30:00,65.666798,66.12179891,64.62846259,66.11179889,1641248.71750257
2021-07-23 20:30:00,66.6668,68.51930371,66.5334664,67.65346864,2295427.40914518
2021-07-26 20:30:00,67.57680182,69.09180485,67.28180123,68.4834703,1857686.28462743
2021-07-27 20:30:00,68.39013678,68.39013678,65.51049769,66.36346606,1907840.18431963
2021-07-28 20:30:00,66.36513273,67.71346876,65.04846343,67.40846815,2050633.8987322
2021-07-29 20:30:00,67.86513573,68.3668034,67.41346816,67.78180223,1964438.07112386
2021-07-30 20:30:00,66.74180015,69.23847181,66.12513225,68.47513695,2291155.41768916
2021-08-02 20:30:00,69.10347154,71.22347578,68.82347098,70.74680816,3798832.4023352
2021-08-03 20:30:00,70.80680828,72.19514439,70.09680686,71.74014348,2144881.71023658
2021-08-04 20:30:00,71.52180971,73.17514635,71.10764222,72.76181219,2185111.62977674
2021-08-05 20:30:00,72.42514485,74.08014816,72.000144,72.50181167,2548986.9020262
2021-08-06 20:30:00,73.18681304,73.7334808,72.24181115,72.4501449,1058709.88258023
2021-08-09 20:30:00,72.04681076,72.53014506,71.4834763,72.16514433,1573538.85292229
2021-08-10 20:30:00,72.46181159,73.500147,71.76847687,71.84181035,1385001.22999754
2021-08-11 20:30:00,71.70681008,72.7668122,71.54514309,72.34347802,1030605.93878812
2021-08-12 20:30:00,72.68181203,73.12771292,71.67847669,71.69514339,1653386.69322661
2021-08-13 20:30:00,71.76181019,72.500145,71.37514275,72.40847815,1570658.85868228
2021-08-16 20:30:00,72.15681098,72.4809783,71.36847607,72.38181143,1963700.07259985
2021-08-17 20:30:00,72.05681078,73.28681324,69.35847205,70.34847403,3173261.65347669
2021-08-18 20:30:00,70.04514009,71.82847699,70.04514009,71.35680938,2074459.8510803
2021-08-19 20:30:00,70.26014052,71.65680998,70.18680704,71.27180921,1663166.67366665
2021-08-20 20:30:00,71.66681,72.49014498,71.33680934,72.42347818,1296711.40657719
2021-08-23 20:30:00,72.51181169,73.04347942,72.09514419,72.2501445,785182.42963514
2021-08-24 20:30:00,72.666812,73.33348,72.50681168,72.53847841,1299927.4001452
2021-08-25 20:30:00,73.05514611,73.16347966,71.88681044,71.97181061,1124337.7513245
2021-08-26 20:30:00,71.57847649,71.57847649,70.21514043,70.52014104,1342419.31516137
2021-08-27 20:30:00,70.73180813,71.46347626,70.2668072,70.55847445,1723592.55281489
2021-08-30 20:30:00,70.666808,71.1834757,69.73513947,70.28014056,2103217.79356441
2021-08-31 20:30:00,70.0834735,70.49180765,69.23013846,69.74180615,1593188.81362237
2021-09-01 20:30:00,70.23847381,70.49347432,69.12847159,69.38513877,1645430.70913858
2021-09-02 20:30:00,69.40180547,69.68180603,67.333468,67.77346888,2466745.06650987
2021-09-03 20:30:00,67.31846797,68.40347014,66.60513321,68.3501367,1665950.66809866
2021-09-07 20:30:00,68.3501367,69.4001388,67.27513455,68.05513611,2284519.43096114
2021-09-08 20:30:00,68.10180287,68.10180287,66.37513275,66.88013376,1594562.81087438
2021-09-09 20:30:00,67.36180139,69.32513865,67.20846775,67.79513559,1707518.58496283
2021-09-10 20:30:00,68.18680304,69.833473,67.82180231,69.3168053,1563626.87274625
2021-09-13 20:30:00,69.25347184,69.92513985,68.37180341,69.80513961,3220421.55915688
2021-09-14 20:30:00,70.06014012,73.09466286,69.4476389,72.77181221,4686596.62680675
2021-09-15 20:30:00,72.86347906,73.000146,70.15347364,72.70847875,3039215.92156816
2021-09-16 20:30:00,72.63681194,74.62014924,72.4834783,73.32347998,3356705.28658943
2021-09-17 20:30:00,73.83181433,75.24848383,71.86597707,72.49847833,4712012.57597485
2021-09-20 20:30:00,70.98847531,71.66514333,69.69513939,70.99014198,1796696.40660719
2021-09-21 20:30:00,71.60680988,71.88114376,70.09180685,70.4168075,1391025.21794956
2021-09-22 20:30:00,70.53514107,72.04347742,70.53514107,70.81180829,1670540.65891868
2021-09-23 20:30:00,71.54680976,72.5476451,71.00347534,71.166809,1473195.05360989
2021-09-24 20:30:00,69.15180497,69.55347244,64.25346184,64.79179625,6415457.16908566
2021-09-27 20:30:00,64.166795,65.1501303,63.31262663,63.74846083,3553324.89335021
2021-09-28 20:30:00,63.02845939,63.65346064,61.77845689,62.57845849,2449639.1007218
2021-09-29 20:30:00,62.85345904,63.13762628,61.08012216,62.05179077,2698338.60332279
2021-09-30 20:30:00,62.22345778,63.0334594,59.833453,60.0334534,4902146.19570761
2021-10-01 20:30:00,60.12178691,62.04345742,58.66846734,60.91178849,3584122.83175434
2021-10-04 20:30:00,60.64345462,61.51512303,60.29512059,61.11178889,2564046.87190626
2021-10-05 20:30:00,60.94845523,62.13845761,60.31928731,60.82678832,2637402.72519455
2021-10-06 20:30:00,60.15678698,61.0834555,59.79678626,60.64512129,2464015.07196986
2021-10-07 20:30:00,61.34178935,63.31845997,61.23327247,62.68679204,2605998.78800242
2021-10-08 20:30:00,62.5334584,62.67679202,59.87511975,59.97345328,1859342.28131544
2021-10-11 20:30:00,59.71011942,60.02678672,55.06511013,55.1167769,8018047.96390407
2021-10-12 20:30:00,55.74677816,56.84261369,54.77344288,56.48844631,3630772.73845452
2021-10-13 20:30:00,56.96178059,58.37345008,56.72844679,57.89511579,3366089.26782146
2021-10-14 20:30:00,58.74011748,59.81845297,58.33345,58.63678394,4472541.05491789
2021-10-15 20:30:00,58.89511779,60.40262081,58.64678396,59.71178609,2984400.03119994
2021-10-18 20:30:00,59.20845175,61.52345638,57.86011572,61.26178919,3837268.32546335
2021-10-19 20:30:00,61.27678922,61.30678928,60.10845355,60.39845413,1523786.9524261
2021-10-20 20:30:00,61.24512249,61.67179001,59.82011964,59.87845309,2006437.98712403
2021-10-21 20:30:00,62.33512467,63.53179373,61.75512351,63.28179323,3007289.98542003
2021-10-22 20:30:00,63.11512623,64.25512851,62.99179265,63.17679302,1999766.000468
2021-10-25 20:30:00,63.47012694,65.13846361,63.20179307,64.29846193,2380363.23927352
2021-10-26 20:30:00,64.62679592,65.81179829,62.18512437,62.96012592,3019481.96103608
2021-10-27 20:30:00,62.57179181,63.7667942,61.25178917,62.72012544,2613564.77287045
2021-10-28 20:30:00,62.60345854,64.7167961,61.47178961,63.39179345,4347969.30406139
2021-10-29 20:30:00,64.87846309,68.33347,62.03512407,65.88513177,7227663.54467291
2021-11-01 20:30:00,65.91346516,68.58513717,65.89513179,68.54513709,4004997.99000402
2021-11-02 20:30:00,68.13013626,68.38797011,65.62013124,65.92846519,3620848.75830248
2021-11-03 20:30:00,66.40846615,69.00680468,66.0334654,68.03513607,3406859.18628163
2021-11-04 20:30:00,67.89680246,69.68680604,67.51180169,69.3501387,3015521.96895606
2021-11-05 20:30:00,69.75680618,70.80347494,69.500139,70.56847447,2502888.99422201
2021-11-08 21:30:00,70.32847399,71.00264201,68.35180337,69.61180589,2662440.67511865
2021-11-09 21:30:00,69.56347246,70.96847527,69.56347246,70.86514173,1673534.65293069
2021-11-10 21:30:00,70.12347358,71.07180881,69.54013908,70.44347422,1944902.11019578
2021-11-11 21:30:00,71.166809,71.85847705,70.30264061,70.55514111,2548854.9022902
2021-11-12 21:30:00,70.94180855,72.42847819,70.7501415,71.22514245,1693334.61333077
2021-11-15 21:30:00,71.83847701,72.05847745,69.54347242,69.61513923,1883552.23289553
2021-11-16 21:30:00,69.42680552,73.27847989,69.42680552,71.4501429,2766462.46707507
2021-11-17 21:30:00,71.51847637,72.9001458,70.79014158,72.80847895,1594808.81038238
2021-11-18 21:30:00,73.52348038,74.09181485,72.62014524,73.0501461,1495041.00991798
2021-11-19 21:30:00,73.25347984,74.01181469,72.14014428,72.4168115,1540124.91975016
2021-11-22 21:30:00,72.7334788,74.67764936,71.4001428,71.84347702,2906814.18637163
2021-11-23 21:30:00,71.000142,72.44014488,69.66013932,70.9834753,1682030.63593873
2021-11-24 21:30:00,69.333472,71.46014292,69.166805,71.00680868,2318887.36222528
2021-11-26 21:30:00,68.90347114,70.71014142,68.03680274,69.08847151,1235283.52943294
2021-11-29 21:30:00,69.93680654,70.10764022,68.07680282,69.2001384,1454973.09005382
2021-11-30 21:30:00,69.2668052,69.51347236,66.0169987,67.5668018,3087701.82459635
2021-12-01 21:30:00,68.38013676,70.75097484,66.13179893,66.26513253,2387113.22577355
2021-12-02 21:30:00,66.2001324,67.6834687,64.87262975,67.33846801,2706462.58707483
2021-12-03 21:30:00,66.94846723,67.9501359,64.26512853,65.0167967,2261125.47774904
2021-12-06 21:30:00,65.61346456,65.85179837,64.11512823,64.27679522,1952888.09422381
2021-12-07 21:30:00,65.81513163,68.48370363,65.37929743,67.50180167,2300599.3988012
2021-12-08 21:30:00,67.42346818,68.02846939,66.47929963,67.61180189,1193361.61327677
2021-12-09 21:30:00,67.08180083,68.20346974,65.52679772,65.81179829,1197003.60599279
2021-12-10 21:30:00,65.84179835,65.9667986,64.31512863,64.97179661,1179351.64129672
2021-12-13 21:30:00,64.9834633,64.9834633,61.8501237,63.05679278,2321221.35755728
2021-12-14 21:30:00,62.14012428,62.42679152,60.36345406,62.04345742,2774262.4514751
2021-12-15 21:30:00,62.56012512,63.16345966,60.69845473,63.10512621,2310991.37801724
2021-12-16 21:30:00,63.13512627,63.55512711,59.06011812,59.39178545,2565846.86830626
2021-12-17 21:30:00,58.40345014,60.00512001,58.30844995,59.3501187,2699610.6007788
2021-12-20 21:30:00,58.15178297,58.15678298,55.60511121,56.50677968,2355433.28913342
2021-12-21 21:30:00,58.03678274,58.88011776,57.71178209,58.48678364,2623506.75298649
2021-12-22 21:30:00,58.46178359,59.4142855,57.78011556,57.98178263,1944392.11121578
2021-12-23 21:30:00,58.63011726,59.833453,57.54178175,59.42178551,3178007.64398471
2021-12-27 21:30:00,59.74178615,60.25178717,59.166785,59.76178619,1416723.16655367
2021-12-28 21:30:00,60.45512091,61.08845551,59.80178627,59.83845301,898936.2021276
2021-12-29 21:30:00,60.00012,61.77762356,60.00012,60.97678862,1089435.82112836
2021-12-30 21:30:00,60.76178819,62.1834577,60.76178819,61.31845597,1300713.3985732
2021-12-31 21:30:00,61.2501225,62.14679096,60.67512135,61.05178877,919378.16124368
2022-01-03 21:30:00,61.20678908,62.15179097,60.87678842,61.32345598,1482741.03451793
2022-01-04 21:30:00,61.08845551,62.23512447,59.64011928,59.70178607,1545944.90811018
2022-01-05 21:30:00,58.85345104,60.0667868,56.94178055,57.0334474,2264767.47046506
2022-01-06 21:30:00,56.65177997,58.43845021,55.63677794,58.13844961,1670678.65864268
2022-01-07 21:30:00,57.81011562,59.13845161,56.17177901,56.3501127,1435155.12968974
2022-01-10 21:30:00,54.86177639,55.29927727,52.72343878,55.28511057,3389261.22147756
2022-01-11 21:30:00,55.84177835,56.80678028,53.99927467,56.56344646,2348227.30354539
2022-01-12 21:30:00,57.16011432,58.34928337,56.24511249,56.86178039,1692896.61420677
2022-01-13 21:30:00,57.16511433,57.63706527,55.50677768,55.68844471,1046451.90709619
2022-01-14 21:30:00,54.62677592,54.8001096,52.60510521,53.97010794,2082103.83579233
2022-01-18 21:30:00,53.64010728,54.44844223,53.37177341,53.79844093,1868228.26354347
2022-01-19 21:30:00,54.21844177,54.90677648,52.84343902,52.9167725,2312275.37544925
2022-01-20 21:30:00,53.39510679,54.10444154,51.76343686,52.02510405,1537082.92583415
2022-01-21 21:30:00,51.70677008,53.00677268,50.71260143,51.94510389,1918514.16297167
2022-01-24 21:30:00,50.84676836,53.55677378,49.31343196,53.49677366,2517774.96445007
2022-01-25 21:30:00,52.07010414,52.26017119,50.79176825,51.19010238,1990880.01823996
2022-01-26 21:30:00,52.8167723,53.31843997,49.26009852,49.81176629,2467381.06523787
2022-01-27 21:30:00,50.2167671,51.24996917,49.42176551,49.80676628,1391847.21630557
2022-01-28 21:30:00,49.98509997,50.84676836,48.20509641,50.83510167,2626704.74659051
2022-01-31 21:30:00,51.05676878,53.37344008,50.8667684,53.37177341,2086783.82643235
2022-02-01 21:30:00,53.72010744,55.23677714,52.75177217,54.87677642,2656356.68728663
2022-02-02 21:30:00,55.43511087,55.65344464,53.99677466,55.07344348,2866680.26663947
2022-02-03 21:30:00,53.7834409,55.39011078,53.57094048,53.69177405,2708142.58371483
2022-02-04 21:30:00,50.833435,52.9501059,49.000098,50.62843459,6375185.2496295
2022-02-07 21:30:00,50.51343436,51.04510209,49.000098,49.36176539,3410255.17948964
2022-02-08 21:30:00,49.000098,50.37676742,48.37343008,50.02176671,3760186.47962704
2022-02-09 21:30:00,51.21176909,52.30093794,50.74093482,51.5667698,2597916.80416639
2022-02-10 21:30:00,49.666766,53.166773,49.666766,51.02843539,2108137.78372443
2022-02-11 21:30:00,51.1001022,51.62343658,50.1334336,50.68510137,3682534.63493073
2022-02-14 21:30:00,50.34176735,51.56843647,49.78843291,50.17843369,3299681.4006372
2022-02-15 21:30:00,50.81343496,52.44677156,50.81343496,52.33010466,2331409.33718133
2022-02-16 21:30:00,52.2167711,54.95344324,51.38510277,54.09677486,4421283.15743369
2022-02-17 21:30:00,53.52677372,54.02844139,49.89343312,49.96509993,1952306.09538781
2022-02-18 21:30:00,49.72676612,50.47976763,49.04009808,49.37676542,1717454.56509087
2022-02-22 21:30:00,48.48509697,50.10645021,47.23676114,47.60676188,2273107.45378509
2022-02-23 21:30:00,48.13176293,48.13176293,46.55509311,46.63675994,2733810.53237894
2022-02-24 21:30:00,44.51342236,47.73842881,44.51342236,47.45342824,3557686.88462623
2022-02-25 21:30:00,47.500095,48.25676318,46.75509351,47.92509585,2406781.18643763
2022-02-28 21:30:00,47.41009482,48.18676304,46.82676032,48.10676288,2188513.62297275
2022-03-01 21:30:00,47.64842863,48.15842965,44.78842291,45.23675714,2774190.4516191
2022-03-02 21:30:00,45.59009118,47.33009466,45.26009052,46.92842719,2994282.01143598
2022-03-03 21:30:00,47.47342828,47.5334284,44.52008904,44.72175611,2045827.90834418
2022-03-04 21:30:00,44.56842247,44.56842247,40.71341476,40.92674852,4739744.52051096
2022-03-07 21:30:00,40.76508153,40.84713169,38.64674396,39.1334116,5796222.40755518
2022-03-08 21:30:00,39.21174509,41.00674868,38.9834113,40.28008056,3373397.25320549
2022-03-09 21:30:00,42.07675082,43.33842001,41.61841657,41.92175051,2207449.58510083
2022-03-10 21:30:00,40.79674826,43.58175383,40.79674826,43.23175313,4803632.39273521
2022-03-11 21:30:00,43.49842033,43.96842127,42.57008514,42.90175247,3397739.20452159
2022-03-14 20:30:00,42.7000854,43.52508705,41.49674966,41.79508359,2212579.57484085
2022-03-15 20:30:00,41.89341712,43.54342042,41.76341686,43.32841999,2148409.70318059
2022-03-16 20:30:00,43.97675462,45.93509187,43.76008752,45.92342518,3187463.62507275
2022-03-17 20:30:00,45.47675762,46.16342566,45.33675734,46.07842549,2438851.12229776
2022-03-18 20:30:00,46.18009236,48.59343052,45.92009184,48.53009706,5833176.33364733
2022-03-21 20:30:00,48.11842957,48.27009654,45.8667584,46.38175943,2047645.90470819
2022-03-22 20:30:00,46.8500937,47.67342868,46.20592575,46.71009342,2954274.09145182
2022-03-23 20:30:00,46.333426,46.83676034,44.8000896,44.90508981,4338171.32365735
2022-03-24 20:30:00,45.25842385,45.50925769,44.3143553,45.01009002,3662536.67492665
2022-03-25 20:30:00,45.10509021,45.38842411,44.25175517,44.78175623,2217931.56413687
2022-03-28 20:30:00,44.95842325,45.94842523,44.19508839,45.93175853,1664234.67153066
2022-03-29 20:30:00,46.8834271,48.72509745,46.88009376,48.166763,2454601.09079782
2022-03-30 20:30:00,47.77509555,47.77509555,46.52425972,46.89842713,1978394.04321191
2022-03-31 20:30:00,46.833427,47.06176079,45.61009122,45.62842459,2102923.79415241
2022-04-01 20:30:00,45.95509191,46.5500931,45.666758,46.11175889,1771034.45793108
2022-04-04 20:30:00,46.26009252,47.99176265,46.13592561,47.8000956,2439973.12005376
2022-04-05 20:30:00,47.48676164,47.54342842,45.47342428,46.02509205,2652510.69497861
2022-04-06 20:30:00,45.1000902,45.22842379,43.55842045,44.70675608,2157787.68442463
2022-04-07 20:30:00,44.31342196,45.15509031,43.74342082,44.66008932,1985702.02859594
2022-04-08 20:30:00,44.57008914,45.14509029,43.83175433,43.95508791,1994234.01153198
2022-04-11 20:30:00,42.78175223,44.53842241,42.78175223,43.39342012,1615160.76967846
2022-04-12 20:30:00,44.07508815,45.32342398,43.66508733,44.22508845,2264989.47002106
2022-04-13 20:30:00,44.06008812,45.65175797,44.06008812,45.30509061,1902776.19444761
2022-04-14 20:30:00,45.66175799,45.98592531,44.78842291,45.20675708,2002753.99449201
2022-04-18 20:30:00,45.00009,45.37842409,44.13258827,45.16342366,1692746.61450677
2022-04-19 20:30:00,45.44675756,48.49676366,45.44675756,48.39343012,2102587.79482441
2022-04-20 20:30:00,49.08509817,49.82843299,48.2334298,48.27176321,2553288.89342221
2022-04-21 20:30:00,49.53843241,49.9000998,47.58676184,48.19176305,3950290.0994198
2022-04-22 20:30:00,47.71009542,47.7500955,45.59175785,45.66009132,2377783.24443351
2022-04-25 20:30:00,44.98508997,46.42175951,44.41508883,46.42009284,2909892.18021564
2022-04-26 20:30:00,45.64842463,46.40509281,43.6167539,43.69842073,1815536.36892726
2022-04-27 20:30:00,43.73675414,45.57009114,43.6334206,44.16342166,1602224.79555041
2022-04-28 20:30:00,44.61008922,45.89092512,43.80675428,45.55342444,1450497.0990058
2022-04-29 20:30:00,45.19175705,46.3500927,44.22508845,44.29175525,1277157.44568511
2022-05-02 20:30:00,43.93508787,45.64675796,43.68008736,45.51342436,1904294.19141162
2022-05-03 20:30:00,45.23509047,45.79842493,44.18175503,45.24175715,1392387.21522557
2022-05-04 20:30:00,45.14675696,46.62175991,43.91258783,46.51342636,1289157.42168516
2022-05-05 20:30:00,45.49509099,45.8834251,42.4834183,43.16508633,1878446.24310751
2022-05-06 20:30:00,42.55841845,42.55841845,39.98424664,41.10841555,2441713.11657377
2022-05-09 20:30:00,40.3000806,41.76341686,39.27174521,39.500079,2788920.42215916
2022-05-10 20:30:00,40.48174763,40.90841515,38.30840995,39.41841217,2299861.4002772
2022-05-11 20:30:00,40.52174771,40.90508181,38.10174287,38.19007638,2744340.51131898
2022-05-12 20:30:00,37.60340854,40.23508047,37.60340854,39.4500789,1870004.25999148
2022-05-13 20:30:00,40.4500809,41.65674998,40.2500805,41.08508217,2566248.86750226
2022-05-16 20:30:00,40.74008148,41.11841557,39.50174567,39.833413,3289823.42035316
2022-05-17 20:30:00,41.05674878,41.37341608,39.41174549,40.7000814,2778834.44233112
2022-05-18 20:30:00,39.166745,39.22674512,37.17007434,37.88174243,4318299.36340127
2022-05-19 20:30:00,37.39340812,38.03924275,35.48840431,37.79840893,6524710.9505781
2022-05-20 20:30:00,44.16008832,45.37507408,41.08508217,42.54675176,12615982.76803446
2022-05-23 20:30:00,42.833419,42.833419,40.0167967,41.35508271,4033893.93221214
2022-05-24 20:30:00,40.70508141,40.83508167,38.84007768,40.15341364,3090041.81991636
2022-05-25 20:30:00,39.34507869,41.95503391,39.32284531,41.26508253,3102689.79462041
2022-05-26 20:30:00,42.04341742,44.31342196,41.79008358,43.69342072,2912022.17595565
2022-05-27 20:30:00,43.83842101,45.32009064,43.83842101,45.30842395,2431165.13766972
2022-05-31 20:30:00,44.84175635,45.2667572,44.10342154,44.76008952,2470465.05906988
2022-06-01 20:30:00,45.00175667,45.31175729,43.37008674,43.50842035,2129461.74107652
2022-06-02 20:30:00,43.57675382,45.61009122,43.57675382,45.44675756,1402479.19504161
2022-06-03 20:30:00,44.60175587,45.20509041,44.09675486,45.09509019,1764626.47074706
2022-06-06 20:30:00,45.66175799,45.97675862,44.82675632,45.82009164,1560680.87863824
2022-06-07 20:30:00,44.96008992,46.00175867,44.58758918,45.41175749,2553444.89311021
2022-06-08 20:30:00,45.40342414,46.36175939,44.76508953,46.02675872,1729736.54052692
2022-06-09 20:30:00,45.86009172,46.22842579,45.33675734,45.88509177,1877054.24589151
2022-06-10 20:30:00,45.13509027,45.73175813,44.49675566,44.99508999,1536764.92647015
2022-06-13 20:30:00,43.33342,43.84258769,41.57591649,41.81008362,2585298.82940234
2022-06-14 20:30:00,41.91508383,42.41508483,41.49174965,41.95675058,1465041.06991786
2022-06-15 20:30:00,42.67341868,43.54675376,41.81841697,42.97841929,1585334.82933034
2022-06-16 20:30:00,41.5167497,41.60341654,39.77841289,40.27174721,2355211.28957742
2022-06-17 20:30:00,41.07008214,42.15841765,40.64008128,41.71841677,1745798.50840298
2022-06-21 20:30:00,43.05175277,43.55842045,42.66341866,43.04008608,2158855.68228864
2022-06-22 20:30:00,42.3000846,43.2309198,41.93008386,42.50508501,2466145.06770986
2022-06-23 20:30:00,43.0167527,43.71008742,42.46008492,43.47842029,2307127.38574523
2022-06-24 20:30:00,44.35675538,45.89675846,43.98925465,45.55342444,5149411.7011766
2022-06-27 20:30:00,45.500091,45.56759114,42.8821691,44.72675612,3107987.78402443
2022-06-28 20:30:00,45.02509005,45.833425,43.67508735,43.91508783,1970816.05836788
2022-06-29 20:30:00,43.73675414,43.96008792,42.67175201,43.37342008,1769402.46119508
2022-06-30 20:30:00,42.56341846,43.49008698,41.33841601,42.55841845,1567172.86565427
2022-07-01 20:30:00,42.49841833,42.63508527,40.20174707,40.77841489,3109499.78100044
2022-07-05 20:30:00,39.99341332,44.0834215,39.73841281,43.78508757,2836356.32728735
2022-07-06 20:30:00,43.89008778,44.34008868,42.8167523,43.35175337,1730456.53908692
2022-07-07 20:30:00,43.93175453,45.53625774,43.34842003,45.3667574,1914608.17078366
2022-07-08 20:30:00,45.00175667,45.63509127,44.22842179,44.93008986,1791158.41768316
2022-07-11 20:30:00,44.53508907,44.55925579,43.41508683,43.60675388,1637990.72401855
2022-07-12 20:30:00,43.84842103,45.41842417,43.59175385,43.96342126,2373589.25282149
2022-07-13 20:30:00,43.13008626,45.52259105,42.7667522,45.16009032,2197867.60426479
2022-07-14 20:30:00,44.40175547,44.94507322,42.85758572,44.22842179,2762604.47479105
2022-07-15 20:30:00,44.91508983,45.84675836,44.62342258,45.12342358,2544180.91163818
2022-07-18 20:30:00,45.44509089,46.96842727,45.2177571,45.98509197,4096233.80753238
2022-07-19 20:30:00,46.44842623,48.8500977,46.1834257,48.26176319,3506392.98721403
2022-07-20 20:30:00,48.500097,49.55343244,48.31509663,49.45509891,2447347.10530579
2022-07-21 20:30:00,49.86843307,50.44676756,48.74176415,49.77176621,2547846.90430619
2022-07-22 20:30:00,49.81509963,50.2001004,48.44509689,48.98843131,1967342.06531587
2022-07-25 20:30:00,49.3500987,49.42509885,48.02342938,48.52509705,2294053.41189318
2022-07-26 20:30:00,47.31342796,47.65676198,45.91509183,45.99675866,2326873.34625331
2022-07-27 20:30:00,46.56509313,47.13926095,45.42092417,46.89509379,3021059.95788008
2022-07-28 20:30:00,47.35842805,47.9000958,45.84342502,47.9000958,4325793.3484133
2022-07-29 20:30:00,51.51843637,52.86510573,50.17343368,52.20177107,6613270.77345845
2022-08-01 20:30:00,50.96176859,52.99093932,50.0001,52.33510467,3951496.09700781
2022-08-02 20:30:00,52.22343778,52.24677116,51.00983535,51.2501025,1957466.08506783
2022-08-03 20:30:00,52.01343736,53.06927281,51.81760364,52.69177205,1926908.14618371
2022-08-04 20:30:00,52.24677116,52.59843853,51.52260305,52.22510445,1455339.08932182
2022-08-05 20:30:00,51.20343574,53.09343952,51.20343574,52.88677244,2167081.66583667
2022-08-08 20:30:00,53.4334402,54.68720937,52.9501059,53.36010672,2209411.58117684
2022-08-09 20:30:00,53.05677278,53.32843999,51.27343588,52.05177077,1883570.23285953
2022-08-10 20:30:00,53.80677428,54.67844269,53.44677356,54.53844241,2804040.39191922
2022-08-11 20:30:00,55.32844399,56.16511233,54.77677622,54.84177635,2158003.68399263
2022-08-12 20:30:00,54.89510979,55.58677784,54.4167755,55.56344446,1367103.26579347
2022-08-15 20:30:00,55.4334442,56.78844691,55.40511081,56.43844621,1787102.42579515
2022-08-16 20:30:00,56.47511295,57.66344866,56.17169568,56.94178055,1507730.98453803
2022-08-17 20:30:00,55.93011186,56.85928039,55.54844443,56.1167789,1112571.77485645
2022-08-18 20:30:00,55.78511157,56.28927925,54.73844281,56.18844571,1459287.08142584
2022-08-19 20:30:00,55.79511159,56.02844539,54.35510871,54.55177577,1585850.82829834
2022-08-22 20:30:00,53.68010736,54.99010998,53.47844029,54.72677612,1451025.0979498
2022-08-23 20:30:00,55.14011028,56.09511219,54.35344204,54.40510881,1228257.54348491
2022-08-24 20:30:00,54.21844177,55.14011028,53.73844081,54.04177475,1279395.44120912
2022-08-25 20:30:00,53.85677438,55.53177773,53.85677438,55.49011098,1288257.42348515
2022-08-26 20:30:00,55.44511089,55.68011136,54.05344144,54.74177615,1734320.53135894
2022-08-29 20:30:00,53.78010756,55.166777,53.67510735,54.6501093,1563512.87297425
2022-08-30 20:30:00,55.14677696,55.666778,53.61322389,54.09344152,1784996.43000714
2022-08-31 20:30:00,54.32510865,54.43594221,53.11343956,53.59510719,1062063.87587225
2022-09-01 20:30:00,52.91177249,53.46344026,51.92510385,53.31177329,1624220.7515585
2022-09-02 20:30:00,53.9334412,54.14844163,52.5476051,52.88677244,1192329.61534077
2022-09-06 20:30:00,53.29843993,54.31010862,52.22343778,54.10344154,1826762.34647531
2022-09-07 20:30:00,54.03844141,56.73844681,54.03844141,56.57011314,1811798.37640325
2022-09-08 20:30:00,55.68677804,58.55678378,55.39714413,58.14844963,2376499.24700151
2022-09-09 20:30:00,58.28011656,58.7167841,57.64678196,58.1167829,1406961.18607763
2022-09-12 20:30:00,58.2501165,59.81845297,58.2501165,59.61178589,2268379.46324107
2022-09-13 20:30:00,57.24344782,57.35094804,55.28677724,55.61344456,2435125.12974974
2022-09-14 20:30:00,55.7501115,56.08177883,54.89177645,55.72511145,1801268.39746321
2022-09-15 20:30:00,57.13678094,58.71511743,56.4834463,56.5501131,2626020.7479585
2022-09-16 20:30:00,55.72677812,56.24844583,54.93010986,56.2001124,3952108.09578381
2022-09-19 20:30:00,55.85344504,57.31844797,55.85344504,57.15511431,1551980.89603821
2022-09-20 20:30:00,56.1501123,56.84344702,55.32511065,56.15344564,1680392.63921472
2022-09-21 20:30:00,56.4167795,57.04178075,54.90844315,54.9501099,1464009.07198186
2022-09-22 20:30:00,54.666776,55.07594349,52.77010554,53.64677396,1935506.12898774
2022-09-23 20:30:00,52.80343894,53.39677346,52.24010448,53.33010666,1978658.04268391
2022-09-26 20:30:00,53.46010692,54.34427536,52.05760412,52.34677136,2366869.26626147
2022-09-27 20:30:00,53.23677314,54.0667748,52.66357199,53.16843967,1697756.60448679
2022-09-28 20:30:00,53.47010694,55.32177731,53.27010654,55.02011004,1862150.27569945
2022-09-29 20:30:00,54.27344188,54.42177551,53.12177291,53.8501077,1988648.02270395
2022-09-30 20:30:00,50.92510185,52.95843925,49.76843287,52.10177087,4674758.6504827
2022-10-03 20:30:00,52.54010508,54.37510875,52.11843757,53.83177433,2230489.53902092
2022-10-04 20:30:00,55.24177715,56.52927973,55.10344354,55.67177801,2187313.62537275
2022-10-05 20:30:00,55.11011022,57.16511433,54.99510999,56.83678034,1875512.2489755
2022-10-06 20:30:00,56.51844637,57.73844881,56.37677942,56.73844681,1888928.22214356
2022-10-07 20:30:00,55.6167779,55.87177841,54.87510975,55.81511163,1144023.71195258
2022-10-10 20:30:00,56.11177889,56.17261235,53.35677338,55.2001104,2320543.35891328
2022-10-11 20:30:00,54.89010978,57.0334474,54.51010902,56.25344584,1759646.48070704
2022-10-12 20:30:00,56.18011236,57.29344792,55.43677754,56.40344614,1711790.57641885
2022-10-13 20:30:00,55.09344352,57.99844933,54.17677502,57.19844773,2234479.53104094
2022-10-14 20:30:00,57.62844859,58.62178391,56.13844561,56.84011368,2029669.94066012
2022-10-17 20:30:00,57.83178233,58.98678464,57.46178159,58.88678444,3093083.81383237
2022-10-18 20:30:00,60.6167879,60.90428848,59.29011858,60.17845369,2768262.46347507
2022-10-19 20:30:00,59.75678618,60.14345362,58.77428422,59.09178485,2038069.92386015
2022-10-20 20:30:00,59.78178623,60.97012194,57.58261517,57.9667826,2836998.32600335
2022-10-21 20:30:00,57.68844871,60.6142879,57.50344834,60.54678776,3130049.73990052
2022-10-24 20:30:00,60.44845423,60.64678796,58.66011732,60.27012054,2698296.60340679
2022-10-25 20:30:00,60.833455,62.18929105,60.666788,61.53178973,4065411.86917626
2022-10-26 20:30:00,60.8167883,61.4167895,60.12512025,60.23512047,3901984.19603161
2022-10-27 20:30:00,60.52012104,61.3167893,58.17011634,59.98845331,4286991.42601715
2022-10-28 20:30:00,57.79011558,58.87678442,56.17677902,57.55844845,5255209.48958102
2022-10-31 20:30:00,58.12344958,60.21512043,57.91344916,58.32178331,3229913.54017292
2022-11-01 20:30:00,59.166785,61.25845585,58.78178423,60.49678766,3116573.76685247
2022-11-02 20:30:00,60.10345354,60.64845463,57.666782,57.76844887,3133133.73373253
2022-11-03 20:30:00,57.88844911,60.15512031,56.74344682,59.36178539,2968044.06391187
2022-11-04 20:30:00,60.87678842,60.99845533,57.57178181,58.94011788,2946222.10755579
2022-11-07 21:30:00,59.76511953,59.76511953,56.54511309,57.02511405,2947062.10587579
2022-11-08 21:30:00,57.09344752,57.76511553,55.18677704,55.55844445,3057485.88502823
2022-11-09 21:30:00,54.8834431,56.28011256,54.82344298,54.95344324,2700786.5984268
2022-11-10 21:30:00,57.20344774,59.25678518,57.16261433,58.45678358,3003359.99328001
2022-11-11 21:30:00,58.69345072,58.99845133,56.28011256,57.51344836,3532786.93442613
2022-11-14 21:30:00,55.95844525,57.12844759,54.3501087,54.37177541,3831526.33694733
2022-11-15 21:30:00,55.8834451,57.92511585,54.81177629,57.87844909,3588664.82267035
2022-11-16 21:30:00,56.76011352,57.9667826,55.70844475,57.833449,3314765.37046926
2022-11-17 21:30:00,56.73511347,59.28511857,56.20344574,58.82511765,3534604.93079014
2022-11-18 21:30:00,60.42845419,62.73012546,60.00012,62.5667918,5220739.55852088
2022-11-21 21:30:00,62.20512441,62.90512581,60.22345378,60.73012146,2452243.09551381
2022-11-22 21:30:00,61.2334558,61.99179065,60.40845415,61.68845671,1734650.53069894
2022-11-23 21:30:00,61.80679028,63.73679414,61.60345654,63.13012626,2318395.36320927
2022-11-25 21:30:00,62.95512591,63.64846063,62.66595867,63.53012706,645640.70871858
2022-11-28 21:30:00,63.39846013,64.90512981,63.3809601,63.91346116,2039647.92070416
2022-11-29 21:30:00,64.26346186,64.89679646,63.88512777,64.78512957,1507514.98497003
2022-11-30 21:30:00,65.40846415,66.58929985,64.59179585,66.48013296,2572692.85461429
2022-12-01 21:30:00,66.22679912,67.05346744,64.35179537,65.06846347,2315383.36923326
2022-12-02 21:30:00,64.31012862,65.80179827,64.31012862,64.88679644,2279005.44198912
2022-12-05 21:30:00,64.39012878,65.09679686,62.57179181,62.8501257,2489233.02153396
2022-12-06 21:30:00,63.01179269,63.01179269,61.67345668,62.72179211,2423407.15318569
2022-12-07 21:30:00,62.17179101,63.11512623,61.63678994,62.97512595,1270275.45944908
2022-12-08 21:30:00,63.3834601,64.06346146,63.02012604,63.46846027,1211751.57649685
2022-12-09 21:30:00,62.6501253,63.57179381,61.39345612,62.18179103,2179327.64134472
2022-12-12 21:30:00,62.49845833,63.59346052,61.75095684,63.20345974,2215747.56850486
2022-12-13 21:30:00,64.67346268,64.67346268,62.50679168,63.36346006,2605368.78926242
2022-12-14 21:30:00,63.40679348,65.45679758,63.33179333,65.00513001,2551908.89618221
2022-12-15 21:30:00,63.84179435,63.84179435,62.6167919,62.93512587,1424205.1515897
2022-12-16 21:30:00,62.22679112,62.74845883,60.99345532,61.58512317,2606340.78731843
2022-12-19 21:30:00,61.60678988,61.81762364,60.71350476,61.13678894,3218675.56264887
2022-12-20 21:30:00,60.70345474,61.28845591,60.27012054,60.50845435,1984970.03005994
2022-12-21 21:30:00,62.02179071,63.83179433,62.02179071,63.70679408,1671686.65662669
2022-12-22 21:30:00,63.5501271,65.32739732,63.17179301,64.77346288,1923446.15310769
2022-12-23 21:30:00,64.84846303,65.25846385,64.07512815,65.14513029,1165725.66854866
2022-12-27 21:30:00,65.11013022,66.84680036,64.85141304,66.14013228,1997774.00445199
2022-12-28 21:30:00,66.000132,66.47846629,64.25096184,65.19679706,1502660.99467801
2022-12-29 21:30:00,65.92513185,66.70346674,65.5167977,66.6668,1337547.32490535
2022-12-30 21:30:00,65.73013146,66.6334666,65.23263047,66.52679972,1117311.76537647
2023-01-03 21:30:00,67.43013486,67.44180155,64.52679572,64.87179641,2572194.85561029
2023-01-04 21:30:00,64.92846319,66.18721571,64.51012902,64.99012998,2729058.54188292
2023-01-05 21:30:00,64.7167961,66.29679926,63.76012752,65.84679836,1839494.32101136
2023-01-06 21:30:00,66.63513327,67.12846759,65.86846507,66.26179919,1847480.30503939
2023-01-09 21:30:00,65.68179803,68.82430432,65.36846407,67.64180195,2747160.50567899
2023-01-10 21:30:00,67.94513589,68.89097112,67.04180075,67.666802,2159881.68023664
2023-01-11 21:30:00,67.69180205,68.55263711,67.69180205,68.41013682,2331847.33630533
2023-01-12 21:30:00,68.66513733,69.84847303,68.10180287,69.45347224,1935092.12981574
2023-01-13 21:30:00,68.86347106,70.4476409,68.85180437,70.15347364,2153089.69382061
2023-01-17 21:30:00,69.72013944,70.64014128,69.66513933,70.00014,1517978.96404207
2023-01-18 21:30:00,70.05847345,71.16847567,70.00180667,70.05680678,1867250.26549947
2023-01-19 21:30:00,69.85347304,70.34180735,69.28680524,69.49013898,2081167.83766432
2023-01-20 21:30:00,69.666806,70.07050681,69.04347142,69.666806,1592084.81583037
2023-01-23 21:30:00,70.39347412,71.35514271,69.97930663,70.38014076,1728002.54399491
2023-01-24 21:30:00,69.83263967,70.86597507,69.43013886,70.45680758,1503110.99377801
2023-01-25 21:30:00,69.88180643,70.30847395,68.51180369,70.09180685,2084827.83034434
2023-01-26 21:30:00,71.04680876,71.33847601,69.37347208,70.17014034,2244505.51098898
2023-01-27 21:30:00,69.92180651,71.36930941,69.92180651,71.08514217,3088295.82340835
2023-01-30 21:30:00,70.72180811,71.78681024,69.98513997,70.05847345,2249485.501029
2023-01-31 21:30:00,70.38680744,71.24680916,69.53847241,71.24680916,2854572.29085542
2023-02-01 21:30:00,70.68014136,71.77181021,69.7501395,71.39847613,2394601.21079758
2023-02-02 21:30:00,71.72347678,72.21764444,69.52680572,70.22180711,4194711.61057678
2023-02-03 21:30:00,69.21513843,70.82014164,68.17513635,69.06013812,4295055.40988918
2023-02-06 21:30:00,68.10346954,69.95513991,68.10180287,69.37013874,2423173.15365369
2023-02-07 21:30:00,69.12680492,69.77513955,68.27513655,69.60180587,2100685.7986284
2023-02-08 21:30:00,68.79180425,69.31847197,68.02180271,69.12847159,2269519.46096108
2023-02-09 21:30:00,70.00014,70.67097468,69.55513911,70.1334736,3785194.42961114
2023-02-10 21:30:00,69.53847241,70.88014176,68.57430382,69.08847151,3155231.68953662
2023-02-13 21:30:00,69.71847277,70.55597445,69.09180485,70.2001404,2479345.04130992
2023-02-14 21:30:00,69.69513939,71.68847671,69.67263935,70.55514111,1944422.11115578
2023-02-15 21:30:00,70.04847343,70.38764078,69.20680508,69.24847183,2522346.95530609
2023-02-16 21:30:00,68.48680364,69.59180585,67.58680184,67.83513567,2876616.24676751
2023-02-17 21:30:00,67.87680242,68.48513697,67.29513459,67.56346846,2640846.71830656
2023-02-21 21:30:00,66.833467,68.32513665,66.44846623,66.58013316,2788866.42226716
2023-02-22 21:30:00,66.57179981,67.22680112,66.19179905,67.10180087,1932926.13414773
2023-02-23 21:30:00,67.39180145,67.99180265,67.04346742,67.34013468,2007811.98437603
2023-02-24 21:30:00,66.89180045,67.19346772,66.26929921,66.7001334,1576598.84680231
2023-02-27 21:30:00,67.37846809,68.16013632,67.21513443,67.73013546,2396059.20788158
2023-02-28 21:30:00,67.76346886,70.0834735,67.76346886,69.39180545,2593758.81248237
2023-03-01 21:30:00,69.43513887,70.92180851,68.7501375,69.26513853,1625792.7484145
2023-03-02 21:30:00,69.06847147,70.26514053,68.65847065,70.14014028,1540400.91919816
2023-03-03 21:30:00,70.55180777,71.45847625,70.12097358,71.40180947,1603544.79291041
2023-03-06 21:30:00,71.4168095,72.6168119,71.28847591,72.25347784,2322223.35555329
2023-03-07 21:30:00,72.35847805,73.9668146,71.86514373,71.90347714,2572656.85468629
2023-03-08 21:30:00,71.79681026,72.2834779,70.99680866,71.74514349,1668860.66227868
2023-03-09 21:30:00,71.79347692,72.28181123,70.20347374,70.60180787,1471563.05687389
2023-03-10 21:30:00,70.72680812,70.72680812,67.55180177,68.72013744,2388001.22399755
2023-03-13 20:30:00,67.49013498,68.95680458,66.87846709,68.28846991,2973834.0523319
2023-03-14 20:30:00,69.29347192,70.87879176,69.07180481,70.00014,1736288.52742295
2023-03-15 20:30:00,68.30180327,68.8834711,65.98429864,67.73180213,2333299.33340133
2023-03-16 20:30:00,67.20680108,69.77013954,67.20680108,69.45847225,1539086.92182616
2023-03-17 20:30:00,69.06180479,69.57513915,67.59013518,68.70680408,2777424.44515111
2023-03-20 20:30:00,69.07347148,69.98430664,68.76597087,69.25180517,1421445.15710969
2023-03-21 20:30:00,70.52514105,73.59514719,70.52514105,73.31347996,2984760.03047994
2023-03-22 20:30:00,72.74181215,74.48181563,72.16181099,72.21514443,2944998.11000378
2023-03-23 20:30:00,72.99847933,74.30181527,72.58264517,73.70681408,2271949.45610109
2023-03-24 20:30:00,73.24681316,74.09514819,72.50347834,73.79181425,1579292.84141432
2023-03-27 20:30:00,74.2334818,75.01931671,73.5168137,74.69014938,2013763.97247206
2023-03-28 20:30:00,75.21015042,76.27681922,74.68848271,75.27181721,2569554.86089028
2023-03-29 20:30:00,75.86015172,75.8668184,74.64681596,75.28848391,1765034.46993106
2023-03-30 20:30:00,75.47181761,76.15265231,74.40348214,74.66014932,2654760.69047862
2023-03-31 20:30:00,74.9501499,75.73848481,74.42014884,74.92514985,2927862.14427571
2023-04-03 20:30:00,75.01348336,75.6809847,74.42014884,75.59015118,2344273.31145338
2023-04-04 20:30:00,75.95681858,76.66515333,74.70181607,75.87681842,2019385.96122808
2023-04-05 20:30:00,75.23681714,75.37848409,74.22531512,74.86348306,1252365.49526901
2023-04-06 20:30:00,74.20348174,74.666816,73.21181309,74.39848213,2249383.501233
2023-04-10 20:30:00,74.11014822,76.56515313,74.08681484,76.34348602,1926368.14726371
2023-04-11 20:30:00,76.64348662,76.81353696,75.98720197,76.20515241,1239381.52123696
2023-04-12 20:30:00,76.32515265,77.15265431,76.16015232,76.29515259,1518314.96337007
2023-04-13 20:30:00,77.07015414,77.40515481,76.2001524,77.18515437,1352655.29468941
2023-04-14 20:30:00,77.5834885,78.58849051,77.32015464,77.84015568,1212615.57476885
2023-04-17 20:30:00,78.76349086,79.17349168,77.36015472,77.9834893,1809134.38173124
2023-04-18 20:30:00,78.20682308,80.02516005,77.9501559,79.57349248,2439961.12007776
2023-04-19 20:30:00,79.45515891,80.15849365,79.38932545,80.11516023,2146651.70669659
2023-04-20 20:30:00,79.84515969,80.84516169,79.84515969,79.93682654,1505504.98899002
2023-04-21 20:30:00,80.03682674,81.39016278,79.57349248,81.11349556,1926536.14692771
2023-04-24 20:30:00,81.14682896,82.07349748,80.498511,81.64182995,1645502.70899458
2023-04-25 20:30:00,81.45349624,81.65182997,79.166825,79.37849209,2351971.29605741
2023-04-26 20:30:00,79.19515839,80.17349368,79.19515839,79.75849285,1568654.86269027
2023-04-27 20:30:00,79.16849167,79.69182605,76.8017536,79.22515845,3478697.04260591
2023-04-28 20:30:00,78.35349004,80.00016,78.19183972,79.89015978,2050453.8990922
2023-05-01 20:30:00,80.24016048,81.70516341,79.93515987,80.99349532,1611938.77612245
2023-05-02 20:30:00,80.60349454,81.000162,79.02849139,80.82016164,1302975.39404921
2023-05-03 20:30:00,80.52182771,81.76849687,80.02682672,80.81849497,2181853.63629273
2023-05-04 20:30:00,80.1501603,80.67016134,79.22515845,79.79515959,1605122.78975442
2023-05-05 20:30:00,80.67849469,81.51182969,80.02016004,80.87349508,1227483.54503291
2023-05-08 20:30:00,81.000162,82.833499,80.48432764,82.44349822,1751582.49683501
2023-05-09 20:30:00,81.75349684,83.01099936,81.62849659,82.81849897,1880552.23889552
2023-05-10 20:30:00,83.91350116,83.91350116,81.20349574,82.62349858,1420023.15995368
2023-05-11 20:30:00,82.59183185,82.93849921,81.57182981,81.74016348,1661624.67675065
2023-05-12 20:30:00,81.76516353,82.66016532,80.93599521,81.76349686,2322907.35418529
2023-05-15 20:30:00,81.81516363,82.38849811,81.27016254,81.92016384,2211157.57768484
2023-05-16 20:30:00,80.72182811,81.4501629,77.88515577,78.88849111,3347321.30535739
2023-05-17 20:30:00,78.73682414,79.10682488,77.40348814,78.39515679,2990214.01957196
2023-05-18 20:30:00,78.29182325,79.99766,77.8168223,78.75182417,1699922.6001548
2023-05-19 20:30:00,76.66682,76.78182023,73.62348058,75.79848493,5455447.08910582
2023-05-22 20:30:00,76.500153,76.73598681,75.22681712,76.0334854,2657346.68530663
2023-05-23 20:30:00,75.23681714,75.23681714,73.94514789,74.79848293,2904402.19119562
2023-05-24 20:30:00,74.88681644,74.99014998,72.85181237,73.38848011,3610732.77853444
2023-05-25 20:30:00,74.14681496,76.06348546,73.52764706,75.00181667,5267257.46548507
2023-05-26 20:30:00,72.50181167,78.70515741,70.72680812,77.53015506,8069095.86180828
2023-05-30 20:30:00,78.51349036,81.74516349,78.36349006,81.52016304,5095021.80995638
2023-05-31 20:30:00,80.83182833,80.9809953,77.69682206,79.166825,17745810.50837898
2023-06-01 20:30:00,78.66515733,79.4001588,77.37515475,77.50182167,3328019.34396131
2023-06-02 20:30:00,78.74682416,80.31516063,78.74682416,79.46349226,2592600.81479837
2023-06-05 20:30:00,79.56015912,81.60516321,79.56015912,80.96016192,2281471.43705713
2023-06-06 20:30:00,80.90349514,82.9668326,80.90349514,81.92349718,2275789.4484211
2023-06-07 20:30:00,81.84516369,84.08683484,81.84516369,83.02183271,3435899.12820174
2023-06-08 20:30:00,82.64849863,83.41183349,80.91182849,81.83016366,3022859.95428009
2023-06-09 20:30:00,82.10183087,82.8001656,80.9668286,81.38849611,2351335.29732941
2023-06-12 20:30:00,81.81349696,83.84683436,81.27432922,83.48183363,2504190.99161802
2023-06-13 20:30:00,83.92016784,84.16681833,81.56016312,81.78683024,3221909.55618089
2023-06-14 20:30:00,82.000164,85.333504,81.18682904,84.45516891,2379079.24184152
2023-06-15 20:30:00,83.97183461,85.7501715,83.74056748,85.33683734,2041015.91796816
2023-06-16 20:30:00,86.20350574,86.20350574,84.63850261,85.45350424,2942376.11524777
2023-06-20 20:30:00,84.84016968,85.45350424,83.66516733,84.72516945,2136757.72648455
2023-06-21 20:30:00,84.79683626,86.41517283,84.79683626,85.02350338,1547540.90491819
2023-06-22 20:30:00,84.8501697,85.61017122,83.62350058,83.92516785,1937480.12503975
2023-06-23 20:30:00,83.09183285,85.1001702,82.85349904,84.35350204,2782506.43498713
2023-06-26 20:30:00,84.7835029,85.74682149,84.19183505,84.90683648,1640420.71915856
2023-06-27 20:30:00,85.43183753,86.53517307,84.74018615,85.34017068,1875260.2494795
2023-06-28 20:30:00,85.39517079,87.1001742,85.39517079,86.68684004,1930424.13915172
2023-06-29 20:30:00,86.83850701,87.00309067,85.46517093,85.66183799,1819172.36165528
2023-06-30 20:30:00,86.84350702,88.29684326,86.331006,87.94350922,2974284.0514319
2023-07-03 20:30:00,88.19684306,89.72017944,88.08517617,88.57684382,1299201.4015972
2023-07-05 20:30:00,88.76851087,89.44017888,87.83017566,89.09851153,2097547.80490439
2023-07-06 20:30:00,88.32684332,88.67601069,87.166841,88.32684332,2002021.99595601
2023-07-07 20:30:00,88.16850967,89.17184501,87.57517515,87.86350906,1523222.95355409
2023-07-10 20:30:00,88.13184293,90.71351476,88.13184293,90.14184695,2128765.74246852
2023-07-11 20:30:00,90.09518019,92.0168507,90.09518019,91.90351714,2111941.77611645
2023-07-12 20:30:00,92.65685198,93.82852099,91.42684952,92.22018444,1976618.04676391
2023-07-13 20:30:00,92.34185135,93.18018636,89.80851295,89.89851313,2408389.18322163
2023-07-14 20:30:00,90.49184765,91.0643488,89.9335132,90.58018116,1653596.69280661
2023-07-17 20:30:00,90.48184763,91.94851723,90.35351404,91.24184915,1577540.84491831
2023-07-18 20:30:00,91.09851553,92.18863438,90.27684722,91.11184889,1986758.02648395
2023-07-19 20:30:00,90.76184819,91.42101618,90.51018102,90.62018124,1500134.99973
2023-07-20 20:30:00,90.46851427,90.8835151,88.87184441,89.23851181,1454691.09061782
2023-07-21 20:30:00,90.76018152,90.76018152,88.97017794,89.59184585,2255929.48814102
2023-07-24 20:30:00,90.45184757,91.87018374,89.34684536,91.57851649,3175823.6483527
2023-07-25 20:30:00,91.833517,92.91351916,91.43851621,92.55851845,2742204.51559097
2023-07-26 20:30:00,92.01185069,93.04685276,91.61101656,93.000186,1861784.27643145
2023-07-27 20:30:00,92.71518543,93.16185299,89.07684482,89.50351234,3953254.09349181
2023-07-28 20:30:00,86.33017266,90.4501809,85.2335038,89.01017802,5795952.40809518
2023-07-31 20:30:00,89.88184643,90.62518125,89.58434584,90.61518123,2559810.88037824
2023-08-01 20:30:00,90.04184675,91.3668494,90.04184675,90.39351412,1939484.12103176
2023-08-02 20:30:00,90.07518015,91.22934913,89.86351306,90.15351364,1956128.08774382
2023-08-03 20:30:00,90.58184783,92.72351878,90.21101376,92.55685178,1999382.001236
2023-08-04 20:30:00,93.45518691,93.66185399,91.7668502,92.07851749,2311069.37786124
2023-08-07 20:30:00,92.66185199,94.70685608,92.66185199,94.25852185,1961486.07702785
2023-08-08 20:30:00,93.85852105,94.74518949,93.72352078,94.18185503,2075947.8481043
2023-08-09 20:30:00,94.2335218,94.46185559,92.000184,92.50518501,1452357.09528581
2023-08-10 20:30:00,92.50851835,94.22852179,92.25185117,93.24185315,1825772.3484553
2023-08-11 20:30:00,93.17351968,93.72185411,91.73685014,92.03685074,1435557.12888574
2023-08-14 20:30:00,92.25851785,93.14518629,91.75351684,93.04851943,1188927.62214476
2023-08-15 20:30:00,92.10685088,93.05685278,92.10685088,92.45518491,1393581.21283757
2023-08-16 20:30:00,92.69518539,93.59018718,92.51518503,92.78018556,1174209.6515807
2023-08-17 20:30:00,93.18018636,93.18018636,91.26351586,91.34684936,1750790.498419
2023-08-18 20:30:00,90.666848,93.0643528,90.3168473,92.88185243,2059405.88118824
2023-08-21 20:30:00,93.57685382,93.65850398,92.00685068,93.40852015,1400469.1990616
2023-08-22 20:30:00,91.5835165,93.11851957,91.500183,92.56185179,1559972.88005424
2023-08-23 20:30:00,89.500179,91.89851713,89.500179,91.70351674,1877876.24424751
2023-08-24 20:30:00,91.71185009,91.75351684,86.9168405,86.96350726,3081107.83778432
2023-08-25 20:30:00,87.33184133,88.37851009,86.25683918,86.92017384,1857302.28539543
2023-08-28 20:30:00,86.9168405,87.49517499,85.03683674,86.04850543,2489839.02032196
2023-08-29 20:30:00,85.97183861,88.10850955,85.89850513,87.97850929,2531760.93647813
2023-08-30 20:30:00,87.90684248,87.90684248,86.0501721,86.47850629,2440231.11953776
2023-08-31 20:30:00,86.68850671,88.78017756,86.68850671,88.18184303,4614050.77189846
2023-09-01 20:30:00,89.03851141,89.8168463,88.33351,88.79184425,1948034.10393179
2023-09-05 20:30:00,88.47184361,88.77601089,86.32683932,87.35350804,1971962.05607589
2023-09-06 20:30:00,87.14850763,87.94517589,87.09017418,87.63684194,1693586.61282677
2023-09-07 20:30:00,87.05184077,87.29350792,85.39183745,87.28517457,3051977.89604421
2023-09-08 20:30:00,87.05850745,88.28750991,86.93017386,87.87350908,1753028.49394301
2023-09-11 20:30:00,88.500177,89.61017922,87.65184197,89.54184575,2075995.8480083
2023-09-12 20:30:00,89.31517863,91.03184873,89.31517863,90.12018024,2276539.44692111
2023-09-13 20:30:00,89.92017984,89.92017984,88.17267635,88.98851131,1862732.27453545
2023-09-14 20:30:00,89.5835125,90.19851373,88.17184301,89.48517897,1444737.11052578
2023-09-15 20:30:00,89.12684492,89.68017936,85.78517157,87.14684096,5206495.58700883
2023-09-18 20:30:00,87.000174,87.79850893,86.6168399,87.71017542,1690256.61948676
2023-09-19 20:30:00,87.54017508,88.74934417,86.68684004,88.58017716,1518314.96337007
2023-09-20 20:30:00,88.44017688,89.04017808,87.26850787,87.28017456,1139925.72014856
2023-09-21 20:30:00,86.52517305,86.85184037,83.98683464,84.19683506,2277745.44450911
2023-09-22 20:30:00,84.65350264,85.89183845,84.65350264,85.09517019,1422933.15413369
2023-09-25 20:30:00,84.67850269,85.72683812,84.4001688,85.2668372,1549778.9004422
2023-09-26 20:30:00,84.85850305,85.5976712,83.33683334,83.71183409,2152171.69565661
2023-09-27 20:30:00,84.15183497,84.30516861,82.79349892,83.59516719,1901570.19685961
2023-09-28 20:30:00,83.83016766,84.81183629,83.29349992,84.61183589,2080225.83954832
2023-09-29 20:30:00,86.66684,87.14184095,85.40183747,85.68183803,2020027.95994408
2023-10-02 20:30:00,85.56850447,87.18517437,85.56850447,86.25850585,1817390.36521927
2023-10-03 20:30:00,85.18517037,85.91850517,84.35683538,84.68683604,1851242.29751541
2023-10-04 20:30:00,84.97016994,85.60850455,83.52683372,85.14683696,1421625.15674969
2023-10-05 20:30:00,85.02183671,85.03850341,82.64849863,82.75849885,2174815.6503687
2023-10-06 20:30:00,82.46016492,83.49850033,81.27849589,82.51349836,2309257.38148524
2023-10-09 20:30:00,81.89016378,83.49183365,81.62599659,83.25516651,1509974.98005004
2023-10-10 20:30:00,83.39183345,85.61017122,83.3835001,84.75850285,1691858.61628277
2023-10-11 20:30:00,84.76516953,86.19208905,83.66850067,84.84516969,1822862.35427529
2023-10-12 20:30:00,85.15850365,85.29017058,82.56349846,82.89683246,1784186.43162714
2023-10-13 20:30:00,82.95349924,83.21183309,81.62349658,82.07183081,1876658.24668351
2023-10-16 20:30:00,83.01516603,84.53850241,83.01516603,83.54016708,2480065.03986992
2023-10-17 20:30:00,83.04516609,86.89017378,83.04433276,86.48517297,2736366.52726695
2023-10-18 20:30:00,86.19517239,87.14517429,85.20433708,85.32683732,1828376.34324731
2023-10-19 20:30:00,85.68517137,86.09850553,84.47183561,84.81350296,2051437.89712421
2023-10-20 20:30:00,85.07350348,85.14517029,82.65516531,82.93183253,2026201.9475961
2023-10-23 20:30:00,82.62516525,83.32516665,81.19849573,82.40849815,2466577.06684587
2023-10-24 20:30:00,83.31183329,83.50933369,82.16183099,82.6834987,1948766.1024678
2023-10-25 20:30:00,82.11183089,83.76183419,81.33682934,82.0668308,2166151.66769666
2023-10-26 20:30:00,81.9501639,82.59099852,80.67016134,80.76349486,3465395.06920986
2023-10-27 20:30:00,90.86518173,97.500195,90.51518103,96.06185879,11014003.97199205
2023-10-30 20:30:00,96.7001934,99.02019804,96.19685906,97.42686152,4617638.76472247
2023-10-31 20:30:00,97.833529,99.7501995,97.7501955,99.51019902,3412985.17402965
2023-11-01 20:30:00,99.82519965,99.82519965,96.9001938,98.99686466,3770452.45909508
2023-11-02 20:30:00,99.17186501,100.4168675,98.87519775,100.16520033,2251081.497837
2023-11-03 20:30:00,100.16520033,101.00186867,98.44519689,99.5168657,3000005.999988
2023-11-06 21:30:00,100.11353356,102.32187131,99.69019938,102.14853763,2382097.23580553
2023-11-07 21:30:00,102.500205,105.20687708,102.29853793,104.85687638,2738946.52210696
2023-11-08 21:30:00,104.82187631,105.666878,104.04020808,104.53687574,2490457.01908596
2023-11-09 21:30:00,105.08021016,105.57849449,104.23020846,104.92520985,1982600.03479993
2023-11-10 21:30:00,104.72520945,105.60521121,104.14937497,105.45687758,1579952.84009432
2023-11-13 21:30:00,104.93520987,105.34521069,104.00187467,104.73687614,1590260.81947836
2023-11-14 21:30:00,105.15354364,105.87271175,104.4668756,105.02854339,2145613.70877258
2023-11-15 21:30:00,105.02854339,106.333546,104.95437658,105.38854411,1800662.3986752
2023-11-16 21:30:00,104.0835415,104.0835415,100.7168681,102.57687182,2812758.37448325
2023-11-17 21:30:00,103.4168735,104.26354186,102.80353894,103.41854017,1522952.95409409
2023-11-20 21:30:00,103.36520673,105.66187799,103.36520673,104.91354316,1585346.82930634
2023-11-21 21:30:00,104.93020986,105.75187817,104.50520901,105.69354472,1845170.30965938
2023-11-22 21:30:00,106.333546,107.0310474,105.08521017,105.4168775,1163997.67200466
2023-11-24 21:30:00,105.10187687,106.45187957,105.10187687,106.17854569,457073.08585383
2023-11-27 21:30:00,105.833545,109.87855309,105.833545,109.43688554,2812176.37564725
2023-11-28 21:30:00,109.77688622,109.77688622,108.11854957,108.61355056,1475841.0483179
2023-11-29 21:30:00,109.99021998,110.37855409,108.59188385,109.16521833,2096749.80650039
2023-11-30 21:30:00,109.58521917,110.77188821,108.99355132,110.66188799,3073223.85355229
2023-12-01 21:30:00,110.75855485,114.25522851,110.75855485,114.17689502,2542602.91479417
2023-12-04 21:30:00,114.06189479,116.47356628,113.17522635,115.63523127,2555142.88971422
2023-12-05 21:30:00,115.00023,115.91356516,114.43022886,115.0668968,2342179.31564137
2023-12-06 21:30:00,114.94022988,115.66521466,114.07272815,114.62189591,1664204.67159066
2023-12-07 21:30:00,114.45522891,116.33189933,114.41022882,115.73689814,1521104.95779008
2023-12-08 21:30:00,114.60856255,116.61023322,113.71522743,115.89689846,1677404.64519071
2023-12-11 21:30:00,116.19523239,118.01606937,116.01189869,116.31023262,1917722.16455567
2023-12-12 21:30:00,116.54356642,118.18190303,115.39023078,117.62690192,2211535.57692885
2023-12-13 21:30:00,118.89857113,120.16190699,117.69523539,119.87857309,2847594.30481139
2023-12-14 21:30:00,119.01190469,119.3686054,115.39356412,116.30689928,3369155.26168948
2023-12-15 21:30:00,116.000232,117.49856833,114.66939601,117.13523427,4026813.94637211
2023-12-18 21:30:00,116.94190055,118.47690362,116.50356634,117.78690224,2148271.70345659
2023-12-19 21:30:00,119.16523833,120.57024114,118.74357082,119.15523831,1545422.90915418
2023-12-20 21:30:00,118.39690346,118.99523799,116.77356688,116.79856693,1723310.55337889
2023-12-21 21:30:00,117.49523499,118.23190313,116.81191696,117.35523471,1603664.79267041
2023-12-22 21:30:00,114.73522947,116.73523347,113.83941101,115.61523123,2115271.76945646
2023-12-26 21:30:00,115.39856413,115.85521504,114.6002292,114.66356266,1505408.98918202
2023-12-27 21:30:00,114.4168955,114.67856269,113.86272773,114.62689592,1877582.24483551
2023-12-28 21:30:00,113.25355984,114.06772814,112.21022442,112.58689184,1729160.54167892
2023-12-29 21:30:00,112.42355818,113.11189289,111.11355556,111.40522281,1144443.71111258
2024-01-02 21:30:00,110.80855495,112.84522569,110.71522143,112.33022466,2563920.87215826
2024-01-03 21:30:00,112.43855821,113.76356086,111.22688912,113.05689278,2220937.55812488
2024-01-04 21:30:00,112.15855765,113.21855977,111.73689014,112.03689074,1613396.77320645
2024-01-05 21:30:00,112.41189149,113.000226,108.64855063,108.71521743,2207635.58472883
2024-01-08 21:30:00,110.0168867,114.18522837,109.99855333,114.12356158,2255845.48830902
2024-01-09 21:30:00,114.30522861,117.11940091,114.10689488,116.15356564,1631468.73706253
2024-01-10 21:30:00,116.42023284,116.6669,114.67522935,115.98523197,1233033.53393293
2024-01-11 21:30:00,116.35689938,117.61023522,115.64189795,117.2835679,1500788.998422
2024-01-12 21:30:00,117.41356816,118.05688611,116.17106568,117.78023556,973348.05330389
2024-01-16 21:30:00,117.57690182,120.53190773,117.02023404,120.29690726,2102029.79594041
2024-01-17 21:30:00,119.79690626,120.94190855,118.8477377,120.74857483,1294629.41074118
2024-01-18 21:30:00,121.47024294,123.05524611,120.23190713,122.78524557,1910882.17823564
2024-01-19 21:30:00,124.04358142,124.91524983,122.84524569,124.87524975,1674236.6515267
2024-01-22 21:30:00,125.4669176,128.06858947,123.85191437,127.9502559,2305627.38874522
2024-01-23 21:30:00,127.42525485,127.8669224,124.5335824,125.69191805,1699424.6011508
2024-01-24 21:30:00,126.34858603,126.64691996,123.33358,125.10358354,1503524.99295001
2024-01-25 21:30:00,125.86358506,127.40525481,125.19108372,126.83525367,1622870.75425849
2024-01-26 21:30:00,127.833589,128.06608947,127.11108756,127.96525593,1183575.63284873
2024-01-29 21:30:00,127.84192235,129.24859183,126.82525365,129.12692492,1335543.32891334
2024-01-30 21:30:00,129.12692492,129.34525869,127.56192179,128.92359118,1750646.498707
2024-01-31 21:30:00,128.14358962,128.52359038,125.14525029,125.62191791,2481985.03602993
2024-02-01 21:30:00,126.62691992,129.71859277,126.24108582,128.80859095,3381719.23656153
2024-02-02 21:30:00,139.28694524,150.61778457,138.15360964,147.01029402,6721102.55779488
2024-02-05 21:30:00,145.24862383,146.50529301,141.70695008,141.90195047,2724090.5518189
2024-02-06 21:30:00,141.90195047,142.09945087,135.84943837,137.55860845,3022883.95423209
2024-02-07 21:30:00,137.56527513,139.04527809,136.50193967,138.88861111,3124589.7508205
2024-02-08 21:30:00,139.42361218,141.65861665,138.49027698,138.73694414,1595660.80867838
2024-02-09 21:30:00,139.2502785,141.65611665,139.2502785,140.87028174,1545218.90956218
2024-02-12 21:30:00,140.03194673,142.39195145,139.89861313,140.77861489,2421979.15604169
2024-02-13 21:30:00,137.54194175,140.74444816,137.39694146,139.44527889,1447095.10580979
2024-02-14 21:30:00,140.66861467,142.22361778,139.166945,141.3502827,1562882.87423425
2024-02-15 21:30:00,143.33362,146.17445902,142.03195073,145.12862359,1647890.70421859
2024-02-16 21:30:00,145.0502901,146.44695956,143.67695402,143.83028766,1554740.89051822
2024-02-20 21:30:00,143.16361966,144.76112286,142.44403489,143.44695356,1810358.37928324
2024-02-21 21:30:00,143.44695356,144.45862225,142.19195105,143.61028722,1484751.03049794
2024-02-22 21:30:00,145.333624,147.99696266,144.53195573,147.34362802,2096131.80773638
2024-02-23 21:30:00,147.62362858,149.53696574,145.98029196,146.74696016,1381521.23695753
2024-02-26 21:30:00,147.47696162,148.33029666,144.7169561,144.91195649,2007283.98543203
2024-02-27 21:30:00,144.8669564,145.96529193,142.69528539,145.2336238,1640366.71926656
2024-02-28 21:30:00,144.02362138,147.27196121,143.74028748,147.07029414,1542542.91491417
2024-02-29 21:30:00,147.35362804,149.34863203,146.50695968,149.26529853,2884914.23017154
2024-03-01 21:30:00,149.14196495,151.96947061,148.69863073,150.54863443,1859468.28106344
2024-03-04 21:30:00,154.8669764,156.63697994,153.16530633,154.43030886,4750394.499211
2024-03-05 21:30:00,153.33530667,155.31531063,150.40363414,151.14363562,2030737.93852412
2024-03-06 21:30:00,152.000304,153.36030672,150.36613407,151.99863733,1597088.80582239
2024-03-07 21:30:00,151.99863733,153.03613941,150.36780074,152.14530429,1589192.82161436
2024-03-08 21:30:00,152.27197121,156.1503123,150.52771772,152.0336374,1804220.39155922
2024-03-11 20:30:00,151.50696968,151.59613653,147.82279565,150.27696722,1743932.51213498
2024-03-12 20:30:00,150.1836337,152.84530569,149.500299,152.50863835,1438971.12205776
2024-03-13 20:30:00,152.59530519,156.13864561,152.2169711,154.61030922,2235175.52964894
2024-03-14 20:30:00,157.500315,158.58698384,154.55197577,155.50864435,3502786.99442601
2024-03-15 20:30:00,155.23697714,156.21364576,151.19696906,151.6336366,36642814.71437057
2024-03-18 20:30:00,152.666972,153.79197425,150.59863453,151.47696962,2265607.46878506
2024-03-19 20:30:00,151.82030364,152.31280463,149.166965,151.47696962,2214217.57156486
2024-03-20 20:30:00,151.333636,152.70863875,150.02863339,152.53030506,2046079.90784018
2024-03-21 20:30:00,152.94030588,159.36158539,152.38030476,158.82365098,2634570.73085854
2024-03-22 20:30:00,157.71864877,157.71864877,153.59197385,153.74030748,2776410.44717911
2024-03-25 20:30:00,155.00031,155.93031186,153.85989105,155.43197753,2249629.500741
2024-03-26 20:30:00,155.33031066,157.15364764,154.2169751,156.24197915,2662050.67589865
2024-03-27 20:30:00,156.99364732,157.06198079,153.81530763,156.3169793,2185561.62887674
2024-03-28 20:30:00,156.31531263,158.1478163,156.10114554,156.87698042,1471269.05746189
2024-04-01 20:30:00,157.94364922,158.99863466,154.82197631,155.0836435,1616504.76699047
2024-04-02 20:30:00,153.3003066,154.15447498,147.30112794,150.5503011,2209771.58045684
2024-04-03 20:30:00,150.57863449,152.20447108,149.93029986,150.12030024,1812536.37492725
2024-04-04 20:30:00,151.16030232,152.26197119,145.53862441,146.30362594,3359909.28018144
2024-04-05 20:30:00,147.76529553,148.55196377,145.62695792,146.64862663,1742576.51484697
2024-04-08 20:30:00,147.52362838,149.4502989,145.9669586,148.14029628,1744538.51092298
2024-04-09 20:30:00,148.51029702,149.17529835,141.27194921,144.63528927,2600694.7986104
2024-04-10 20:30:00,136.11027222,137.35599138,131.98526397,135.02193671,5337529.32494135
2024-04-11 20:30:00,135.15693698,137.27694122,133.75693418,136.65527331,2610660.77867844
2024-04-12 20:30:00,135.29027058,136.84860703,134.30610195,135.72860479,1951166.0976678
2024-04-15 20:30:00,138.33361,138.4477769,135.82277164,135.89693846,2886192.22761554
2024-04-16 20:30:00,135.59027118,136.40777282,134.55193577,135.64860463,1985798.02840394
2024-04-17 20:30:00,136.78194023,137.94694256,136.07110548,136.5336064,2278807.44238512
2024-04-18 20:30:00,137.51027502,138.58277717,135.06193679,135.5502711,1850798.2984034
2024-04-19 20:30:00,135.84027168,136.20695575,132.24359782,133.39693346,2867226.26554747
2024-04-22 20:30:00,134.49693566,136.2836059,134.02471805,135.03693674,1629806.74038652
2024-04-23 20:30:00,136.05693878,138.63027726,135.65527131,138.23860981,1636562.72687455
2024-04-24 20:30:00,139.80194627,142.90445248,138.66027732,141.95195057,2210731.57853684
2024-04-25 20:30:00,135.2002704,137.500275,131.39442946,134.4169355,2914422.17115566
2024-04-26 20:30:00,135.70360474,139.89194645,135.17360368,138.91027782,1612934.77413045
2024-04-29 20:30:00,139.58694584,141.01361536,138.6002772,138.73861081,1042485.91502817
2024-04-30 20:30:00,137.92360918,139.07444482,135.93193853,136.41193949,1747070.50585899
2024-05-01 20:30:00,136.36360606,139.99778,134.17841836,136.58027316,1736216.52756694
2024-05-02 20:30:00,137.98194263,139.24694516,136.82194031,138.77194421,1171245.65750869
2024-05-03 20:30:00,139.83694634,140.86528173,138.12527625,140.39028078,1342995.31400937
2024-05-06 20:30:00,141.66528333,144.55695578,140.99194865,143.64195395,1778558.44288311
2024-05-07 20:30:00,144.23528847,146.833627,143.64862063,143.73028746,1561490.87701825
2024-05-08 20:30:00,142.90695248,143.61612057,141.96861727,142.24695116,1684562.63087474
2024-05-09 20:30:00,142.3669514,146.11862557,142.3669514,145.75862485,1595480.80903838
2024-05-10 20:30:00,145.75862485,146.08862551,142.36361806,143.66528733,1333953.33209334
2024-05-13 20:30:00,144.0669548,144.0669548,140.24361382,141.77861689,1818260.36347927
2024-05-14 20:30:00,143.5502871,147.78279557,142.80528561,147.07529415,2128615.74276851
2024-05-15 20:30:00,148.000296,152.77530555,147.82029564,150.61363456,2364751.27049746
2024-05-16 20:30:00,150.8669684,151.79863693,147.10696088,147.60362854,1723094.55381089
2024-05-17 20:30:00,148.32029664,149.80863295,147.68279537,148.09362952,1918268.16346367
2024-05-20 20:30:00,148.10529621,152.33030466,148.10529621,150.47530095,1875560.2488795
2024-05-21 20:30:00,149.93529987,151.79030358,149.56196579,149.95696658,1937972.12405575
2024-05-22 20:30:00,150.39030078,150.80196827,148.22529645,148.82363098,1899434.2011316
2024-05-23 20:30:00,150.20696708,151.4503029,148.91198116,150.77530155,3924592.1508157
2024-05-24 20:30:00,169.15367164,172.83034566,165.7503315,172.1503443,5699886.6002268
2024-05-28 20:30:00,173.33368,179.97869329,173.01034602,179.85702638,4068615.86276827
2024-05-29 20:30:00,179.500359,180.61869457,177.48535497,177.48702164,2176321.64735671
2024-05-30 20:30:00,177.00202067,182.58036516,177.00202067,180.43036086,2507880.98423803
2024-05-31 20:30:00,180.13036026,182.43703154,176.95702058,182.32036464,3439259.12148176
2024-06-03 20:30:00,182.30869795,184.48201896,179.23869181,181.09536219,1587098.82580235
2024-06-04 20:30:00,180.19869373,182.0336974,177.37202141,177.80535561,1351905.29618941
2024-06-05 20:30:00,177.62702192,182.65869865,177.16035432,182.21036442,1373001.25399749
2024-06-06 20:30:00,182.9336992,183.62870059,177.26535453,177.57202181,1527374.94525011
2024-06-07 20:30:00,177.10535421,177.10535421,172.24034448,174.05201477,1488105.02378995
2024-06-10 20:30:00,172.6836787,176.14701896,171.91201049,175.82535165,1686350.62729875
2024-06-11 20:30:00,175.29701726,175.57201781,172.72967879,173.72201411,1450077.0998458
2024-06-12 20:30:00,174.43868221,174.56534913,171.66784334,173.25367984,2136853.72629255
2024-06-13 20:30:00,172.26201119,172.62784526,169.2836719,171.69367672,1990772.01845596
2024-06-14 20:30:00,171.13534227,172.03701074,169.500339,170.62534125,1208199.58360083
2024-06-17 20:30:00,170.37700742,172.84229568,168.665354,169.58200583,2242081.51583697
2024-06-18 20:30:00,168.60700388,171.06867547,167.5170017,168.06533613,2522124.95575009
2024-06-20 20:30:00,168.0170027,168.74200415,163.33366,164.90699648,2290309.41938116
2024-06-21 20:30:00,164.69866273,164.69866273,160.91948851,163.35699338,3744424.51115098
2024-06-24 20:30:00,163.33366,165.23199713,162.13699094,163.01365936,1615688.76862246
2024-06-25 20:30:00,164.69699606,164.72449612,161.53532307,162.55365844,1433949.13210174
2024-06-26 20:30:00,162.91032582,165.38616411,162.500325,163.54366042,1767068.46586307
2024-06-27 20:30:00,162.42532485,167.17365101,162.42532485,166.65199997,1971362.05727589
2024-06-28 20:30:00,163.00699268,167.38533477,160.92548852,161.32532265,3536254.92749015
2024-07-01 20:30:00,162.6169919,163.27032654,153.20697308,157.7169821,2159419.68116064
2024-07-02 20:30:00,157.26864787,158.81365096,154.17197501,156.77364688,1805912.38817522
2024-07-03 20:30:00,157.06531413,158.83865101,154.91365983,155.94864523,995806.00838798
2024-07-05 20:30:00,156.05531211,156.66531333,154.5836425,156.55364644,1073541.85291629
2024-07-08 20:30:00,157.41198149,159.00865135,155.85281171,158.7836509,1821626.35674729
2024-07-09 20:30:00,158.28531657,159.19245172,156.38197943,156.50864635,1356705.28658943
2024-07-10 20:30:00,154.166975,154.5836425,141.97528395,148.89529779,3773464.45307109
2024-07-11 20:30:00,149.14196495,149.23029846,146.11529223,148.10696288,2966256.06748787
2024-07-12 20:30:00,149.8502997,151.66697,147.97362928,149.67696602,2373085.25382949
2024-07-15 20:30:00,149.666966,152.06280413,149.3669654,149.93029986,2433907.13218574
2024-07-16 20:30:00,151.66697,152.15697098,148.9002978,152.14530429,2289373.42125316
2024-07-17 20:30:00,151.27696922,155.54364442,148.25362984,148.27029654,2183473.63305273
2024-07-18 20:30:00,149.75196617,152.8003056,146.83196033,147.81029562,2086429.82714035
2024-07-19 20:30:00,147.85862905,148.72029744,144.98195663,145.20695708,1539146.92170616
2024-07-22 20:30:00,146.66696,148.31862997,145.46862427,147.31862797,1890656.21868756
2024-07-23 20:30:00,147.83529567,151.12363558,147.04196075,147.07196081,2299567.4008652
2024-07-24 20:30:00,146.38529277,147.16362766,140.9169485,141.00694868,2684274.63145074
2024-07-25 20:30:00,141.66695,142.59528519,136.75360684,140.2502805,5345845.30830938
2024-07-26 20:30:00,159.96865327,163.33366,148.833631,149.1169649,7816922.36615527
2024-07-29 20:30:00,149.5836325,155.37864409,148.57529715,153.53697374,3219317.56136488
2024-07-30 20:30:00,153.73697414,155.00031,151.17696902,151.87197041,1952768.09446381
2024-07-31 20:30:00,153.86197439,155.500311,152.78530557,153.77197421,1845986.30802738
2024-08-01 20:30:00,153.79530759,155.47697762,149.17029834,151.03530207,1522940.95411809
2024-08-02 20:30:00,147.15196097,147.15196097,142.39695146,144.22195511,1846076.30784738
2024-08-05 20:30:00,137.43860821,143.833621,134.4836023,141.74695016,2247169.50566099
2024-08-06 20:30:00,143.87528775,147.06029412,142.12861759,144.8669564,1874144.2517115
2024-08-07 20:30:00,146.99862733,147.333628,140.24694716,140.54694776,2365333.26933346
2024-08-08 20:30:00,142.36195139,147.62196191,141.07361548,147.32196131,2382277.23544553
2024-08-09 20:30:00,146.80529361,148.72363078,145.76862487,148.37529675,1294419.41116118
2024-08-12 20:30:00,148.33696334,153.15530631,148.33696334,153.0503061,2084359.83128034
2024-08-13 20:30:00,153.33364,157.45864825,153.33364,157.38698144,1936700.12659975
2024-08-14 20:30:00,156.61531323,158.33365,152.95530591,153.22863979,1564364.87127026
2024-08-15 20:30:00,158.96365126,161.0836555,156.17864569,157.92531585,1918718.16256367
2024-08-16 20:30:00,157.90198247,160.52157104,157.10364754,158.42198351,1732256.53548693
2024-08-19 20:30:00,158.5836505,160.99198865,158.5836505,160.53698774,984208.03158394
2024-08-20 20:30:00,160.87532175,161.66532333,157.33031466,158.11198289,1178523.64295271
2024-08-21 20:30:00,159.6169859,160.69865473,158.1003162,159.59031918,1790864.41827116
2024-08-22 20:30:00,159.98031996,160.666988,158.5836505,159.14865163,1050603.8987922
2024-08-23 20:30:00,159.19365172,163.41782684,159.19365172,162.42699152,1303233.39353321
2024-08-26 20:30:00,161.97365728,162.23865781,156.96031392,157.50531501,1437405.12518975
2024-08-27 20:30:00,156.78531357,159.25115184,155.72031144,158.80698428,1071423.85715229
2024-08-28 20:30:00,159.62698592,160.666988,157.09531419,158.26364986,1650254.6994906
2024-08-29 20:30:00,158.12031624,159.48865231,156.73698014,156.90531381,1112871.77425645
2024-08-30 20:30:00,157.68531537,159.9169865,155.96364526,159.88198643,1722986.55402689
2024-09-03 20:30:00,159.3669854,159.84198635,148.99529799,149.84029968,2817330.36533927
2024-09-04 20:30:00,148.62863059,149.85863305,146.91529383,149.22863179,1781168.43766312
2024-09-05 20:30:00,148.29196325,148.52696372,145.21767377,146.56362646,1507598.98480203
2024-09-06 20:30:00,146.75696018,147.500295,142.69528539,143.32695332,2334331.33133734
2024-09-09 20:30:00,144.500289,149.52696572,144.500289,149.01529803,2385463.22907354
2024-09-10 20:30:00,147.000294,148.73613081,145.2002904,148.45196357,1704350.59129882
2024-09-11 20:30:00,147.44362822,151.94197055,146.76862687,151.54363642,2273191.45361709
2024-09-12 20:30:00,151.94530389,155.10696021,151.53733641,153.18863971,998164.00367199
2024-09-13 20:30:00,154.11864157,157.58698184,153.67530735,155.84531169,1382601.23479753
2024-09-16 20:30:00,157.160314,157.160314,153.073639,156.280313,1551596.0
2024-09-17 20:30:00,156.33,159.25,152.63,155.1,1036221.0
2024-09-18 20:30:00,160.45,162.05,156.76,157.23,1365194.0
2024-09-19 20:30:00,159.67,160.79,152.04,152.11,2198783.0
2024-09-20 20:30:00,147.98,151.283,146.2111,150.73,4516990.0
2024-09-23 20:30:00,151.2,155.025,149.13,154.21,1990119.0
2024-09-24 20:30:00,154.86,157.49,153.45,154.4,1309803.0
2024-09-25 20:30:00,154.57,156.21,153.14,154.5,1362023.0
2024-09-26 20:30:00,157.41,158.685,153.35,157.26,1244989.0
2024-09-27 20:30:00,158.91,160.0,156.84,159.42,1218415.0
2024-09-30 20:30:00,158.78,161.38,157.74,159.45,2148770.0
2024-10-01 20:30:00,159.42,160.06,154.84,155.62,1354779.0
2024-10-02 20:30:00,152.42,158.83,150.6,157.66,1905805.0
2024-10-03 20:30:00,157.11,159.14,156.01,156.79,1574284.0
2024-10-04 20:30:00,159.38,167.23,159.15,166.81,2328481.0
2024-10-07 20:30:00,164.5,165.24,154.625,158.83,2765768.0
2024-10-08 20:30:00,160.56,163.67,160.365,161.94,1891170.0
2024-10-09 20:30:00,161.25,162.69,160.23,160.44,1566606.0
2024-10-10 20:30:00,158.99,160.16,157.07,158.26,1162538.0
2024-10-11 20:30:00,157.92,161.81,157.6266,161.25,1114596.0
2024-10-14 20:30:00,161.99,162.685,159.5,160.73,1316230.0
2024-10-15 20:30:00,160.48,163.8,160.48,161.85,1967147.0
2024-10-16 20:30:00,164.21,164.69,159.65,161.16,1505405.0
2024-10-17 20:30:00,161.98,162.18,157.65,160.31,1625186.0
2024-10-18 20:30:00,161.31,161.92,159.11,161.85,1865146.0
2024-10-21 20:30:00,161.4,161.85,156.2901,160.01,1908406.0
2024-10-22 20:30:00,155.0,157.84,153.76,154.05,2479935.0
2024-10-23 20:30:00,153.2,154.48,150.35,150.96,1725154.0
2024-10-24 20:30:00,152.79,153.225,150.94,152.04,3673534.0
2024-10-25 20:30:00,169.95,172.5652,164.0,168.11,8426623.0
2024-10-28 20:30:00,168.65,170.74,166.36,169.29,2920707.0
2024-10-29 20:30:00,167.0,170.17,163.1614,169.55,2434809.0
2024-10-30 20:30:00,169.61,170.3999,167.59,169.52,1711604.0
2024-10-31 20:30:00,168.65,168.65,160.85,160.89,2374495.0
2024-11-01 20:30:00,162.8,162.8,158.0,158.12,2026011.0
2024-11-04 21:30:00,158.09,164.35,158.0401,162.26,1950171.0
2024-11-05 21:30:00,161.93,163.82,161.4,163.67,1381021.0
2024-11-06 21:30:00,167.37,168.0,161.885,164.77,2044331.0
2024-11-07 21:30:00,166.5,173.42,166.5,171.34,1774415.0
2024-11-08 21:30:00,171.0,176.71,170.255,175.61,2036443.0
2024-11-11 21:30:00,178.0,179.0,175.24,177.08,1809536.0
2024-11-12 21:30:00,177.06,177.75,174.92,177.63,1590902.0
2024-11-13 21:30:00,178.45,182.26,178.0,178.34,1383204.0
2024-11-14 21:30:00,178.5,179.22,174.9595,176.86,1229179.0
2024-11-15 21:30:00,175.84,176.8645,174.06,175.66,1141389.0
2024-11-18 21:30:00,176.16,178.0,174.04,176.45,1685985.0
2024-11-19 21:30:00,174.78,176.69,172.36,176.29,1860835.0
2024-11-20 21:30:00,176.58,178.0,174.27,176.36,1095537.0
2024-11-21 21:30:00,176.63,181.98,175.12,181.91,2663995.0
2024-11-22 21:30:00,185.78,193.33,185.78,192.15,3057254.0
2024-11-25 21:30:00,194.04,198.08,193.0,196.49,3911713.0
2024-11-26 21:30:00,196.63,196.775,192.91,194.41,1503216.0
2024-11-27 21:30:00,193.52,195.78,190.85,191.77,1203165.0
2024-11-29 21:30:00,193.71,196.89,193.07,195.96,813940.0
2024-12-02 21:30:00,196.93,203.78,196.61,201.9,1999869.0
2024-12-03 21:30:00,202.36,205.35,202.0801,202.87,2066083.0
2024-12-04 21:30:00,203.26,207.29,202.51,204.15,1817866.0
2024-12-05 21:30:00,201.7,204.01,200.82,200.92,2345788.0
2024-12-06 21:30:00,203.11,203.11,198.67,199.55,1766972.0
2024-12-09 21:30:00,199.95,202.72,195.46,201.55,1689993.0
2024-12-10 21:30:00,201.53,205.119,199.19,202.12,1110790.0
2024-12-11 21:30:00,203.76,208.45,203.0,204.95,1654086.0
2024-12-12 21:30:00,203.85,206.715,203.13,203.68,1001966.0
2024-12-13 21:30:00,205.0,207.44,203.535,206.63,1643121.0
2024-12-16 21:30:00,207.44,213.03,206.51,211.12,1788920.0
2024-12-17 21:30:00,211.0,212.7771,207.896,210.37,1709709.0
2024-12-18 21:30:00,209.32,211.41,201.0004,201.48,1581756.0
2024-12-19 21:30:00,203.35,208.1,202.22,205.28,1937261.0
2024-12-20 21:30:00,203.89,214.7039,202.49,210.97,3805244.0
2024-12-23 21:30:00,208.66,210.52,206.303,207.65,1874555.0
2024-12-24 21:30:00,208.05,208.945,206.9,208.01,523915.0
2024-12-26 21:30:00,208.0,210.5,207.745,209.43,1071252.0
2024-12-27 21:30:00,207.86,209.685,205.84,207.11,848507.0
2024-12-30 21:30:00,203.17,207.76,201.7815,205.76,1068228.0
2024-12-31 21:30:00,206.58,207.0,203.04,203.09,1317389.0
2025-01-02 21:30:00,205.13,206.61,202.33,204.54,1556530.0
2025-01-03 21:30:00,206.18,209.25,206.04,207.25,1711721.0
2025-01-06 21:30:00,210.94,212.49,207.11,208.47,2993993.0
2025-01-07 21:30:00,210.51,211.89,203.56,205.1,1501874.0
2025-01-08 21:30:00,205.69,209.065,203.89,207.52,1631030.0
2025-01-10 21:30:00,207.0,210.435,205.94,207.5,1526225.0
2025-01-13 21:30:00,203.82,204.84,195.18,204.59,1980213.0
2025-01-14 21:30:00,206.75,209.41,204.09,206.14,1239176.0
2025-01-15 21:30:00,209.51,209.8531,203.14,203.73,1170335.0
2025-01-16 21:30:00,205.75,209.748,204.97,208.22,1490594.0
2025-01-17 21:30:00,210.23,212.85,208.41,209.91,1313257.0
2025-01-21 21:30:00,214.07,218.3901,210.82,214.11,1841521.0
2025-01-22 21:30:00,214.24,215.55,212.5,214.92,1478575.0
2025-01-23 21:30:00,213.0,218.92,210.6,218.57,1827985.0
2025-01-24 21:30:00,218.55,218.78,214.42,217.16,1452992.0
2025-01-27 21:30:00,211.76,214.82,208.55,211.9,1708712.0
2025-01-28 21:30:00,213.09,216.16,211.79,215.92,1896523.0
2025-01-29 21:30:00,218.31,222.05,216.35,218.9,1739850.0
2025-01-30 21:30:00,221.22,223.98,219.54,223.11,4428344.0
2025-01-31 21:30:00,196.1,198.65,177.31,177.36,15072265.0
2025-02-03 21:30:00,174.5,177.59,169.78,170.63,6340429.0
2025-02-04 21:30:00,173.21,174.38,169.02,169.49,5849751.0
2025-02-05 21:30:00,169.4,174.48,169.2,172.52,4758092.0
2025-02-06 21:30:00,175.0,177.64,172.03,172.19,4093205.0
2025-02-07 21:30:00,172.7,174.3846,167.5998,168.24,3344176.0
2025-02-10 21:30:00,168.73,169.5786,160.2601,161.65,5318570.0
2025-02-11 21:30:00,160.5,160.59,157.22,157.64,3483404.0
2025-02-12 21:30:00,155.8,157.3399,153.505,154.03,3802187.0
2025-02-13 21:30:00,156.95,159.26,154.59,158.11,3164736.0
2025-02-14 21:30:00,157.1,158.0,154.2,155.07,2263394.0
2025-02-18 21:30:00,155.2,156.605,153.92,155.84,2855425.0
2025-02-19 21:30:00,154.52,155.82,151.5,152.55,2577331.0
2025-02-20 21:30:00,151.12,151.5813,146.4718,150.02,3945472.0
2025-02-21 21:30:00,150.5,151.33,144.88,146.57,2410100.0
2025-02-24 21:30:00,147.0,147.8,139.6,140.11,4239071.0
2025-02-25 21:30:00,139.5,144.59,138.81,142.79,4298218.0
2025-02-26 21:30:00,144.77,149.55,144.57,144.97,3632853.0
2025-02-27 21:30:00,145.76,146.09,138.12,138.49,2836173.0
2025-02-28 21:30:00,138.5,140.125,136.5434,139.36,3004055.0
2025-03-03 21:30:00,140.17,141.9,135.8,137.24,2785740.0
2025-03-04 21:30:00,136.21,136.97,131.2,133.78,3813227.0
2025-03-05 21:30:00,134.26,137.5,134.26,136.09,2231293.0
2025-03-06 21:30:00,134.3,137.23,130.76,131.93,3039340.0
2025-03-07 21:30:00,130.48,131.0,122.615,126.72,5980728.0
2025-03-10 20:30:00,124.5,124.8,119.3,121.11,4072794.0
2025-03-11 20:30:00,121.35,124.79,119.8116,120.53,3560569.0
2025-03-12 20:30:00,124.24,126.35,121.2501,121.58,3156684.0
2025-03-13 20:30:00,121.2,121.57,115.06,117.04,4224273.0
2025-03-14 20:30:00,120.08,120.388,117.17,118.68,2540847.0
2025-03-17 20:30:00,118.09,118.97,115.5,117.48,2610494.0
2025-03-18 20:30:00,117.08,117.96,115.002,115.3,2196467.0
2025-03-19 20:30:00,115.99,119.97,115.99,119.05,2284168.0
2025-03-20 20:30:00,118.2,119.83,115.6,115.67,2072155.0
2025-03-21 20:30:00,113.76,118.33,112.1,117.86,5545034.0
2025-03-24 20:30:00,120.36,125.36,120.36,124.68,4105996.0
2025-03-25 20:30:00,124.29,125.71,122.58,122.97,2460217.0
2025-03-26 20:30:00,122.5,122.7856,117.54,118.16,2634807.0
2025-03-27 20:30:00,117.21,119.47,115.22,116.95,2419598.0
2025-03-28 20:30:00,115.15,115.315,110.75,111.56,2595892.0
2025-03-31 20:30:00,109.48,112.11,107.37,111.81,3008263.0
2025-04-01 20:30:00,111.39,114.63,111.1,113.35,2364613.0
2025-04-02 20:30:00,111.5,119.19,111.44,117.98,2708773.0
2025-04-03 20:30:00,100.15,102.87,96.8,100.88,8699730.0
2025-04-04 20:30:00,96.34,108.61,93.72,106.02,8968485.0
2025-04-07 20:30:00,102.82,109.29,99.0,106.13,4717533.0
2025-04-08 20:30:00,109.48,110.74,100.37,101.88,3600029.0
2025-04-09 20:30:00,101.84,118.635,101.04,116.06,5179230.0
2025-04-10 20:30:00,112.0,113.42,106.325,109.63,3196627.0
2025-04-11 20:30:00,107.58,109.86,105.54,109.05,3588732.0
2025-04-14 20:30:00,111.79,113.3009,105.73,107.15,2626563.0
2025-04-15 20:30:00,106.92,107.2,103.15,104.18,2866174.0
2025-04-16 20:30:00,103.5,105.15,101.69,103.02,2364157.0
2025-04-17 20:30:00,104.15,105.94,103.02,105.67,1755594.0
2025-04-21 20:30:00,103.86,104.28,100.255,103.55,1415727.0
2025-04-22 20:30:00,104.5,107.52,104.16,106.42,1558860.0
2025-04-23 20:30:00,110.22,113.0,106.27,106.66,2237612.0
2025-04-24 20:30:00,107.18,112.33,106.98,110.65,2280337.0
2025-04-25 20:30:00,109.45,110.57,108.3308,109.19,2006358.0
2025-04-28 20:30:00,109.0,110.51,107.215,109.15,2011954.0
2025-04-29 20:30:00,108.49,112.14,108.4,111.69,1876104.0
2025-04-30 20:30:00,108.14,111.52,108.0408,110.83,2687342.0
2025-05-01 20:30:00,110.98,112.71,110.5,111.13,1706090.0
2025-05-02 20:30:00,114.77,118.0,113.87,116.94,2490699.0
2025-05-05 20:30:00,117.86,120.58,117.86,118.33,2977534.0
2025-05-06 20:30:00,115.42,118.45,115.0958,117.07,1954132.0
2025-05-07 20:30:00,118.28,121.42,117.56,120.86,2125607.0
2025-05-08 20:30:00,123.56,127.67,123.505,125.62,3557509.0
2025-05-09 20:30:00,125.01,125.74,120.885,121.07,2250162.0
2025-05-12 20:30:00,129.5,133.43,123.825,126.08,4588110.0
2025-05-13 20:30:00,128.32,130.405,127.37,129.37,2951135.0
2025-05-14 20:30:00,129.0,131.52,126.7,127.36,2884735.0
2025-05-15 20:30:00,125.38,127.49,125.1555,126.94,2255311.0
2025-05-16 20:30:00,128.05,128.85,126.59,127.91,2160265.0
2025-05-19 20:30:00,126.015,128.25,125.35,127.41,2260699.0
2025-05-20 20:30:00,127.78,131.58,127.78,128.84,3407602.0
2025-05-21 20:30:00,126.18,127.95,123.03,123.36,3664993.0
2025-05-22 20:30:00,123.42,127.0,122.58,126.09,7449051.0
2025-05-23 20:30:00,97.935,102.8698,96.1,101.05,19579682.0
2025-05-27 20:30:00,102.76,109.03,102.50005,108.96,7477885.0
