datetime,open,high,low,close,volume
2020-05-21 20:30:00,63.21384716,63.94937238,62.80889507,63.61053492,800183.60364704
2020-05-22 20:30:00,63.07335358,63.94937238,63.01550328,63.71797119,932498.04717356
2020-05-26 20:30:00,65.34604386,67.10634579,65.0072064,66.61875042,1014089.67514448
2020-05-27 20:30:00,67.9575716,69.72613786,67.66005578,69.60217293,1319401.84435144
2020-05-28 20:30:00,70.34596248,70.37075547,69.0071413,69.66002323,965287.16084338
2020-05-29 20:30:00,68.71788981,69.7674595,68.18897279,69.43688637,1568356.13628753
2020-06-01 20:30:00,69.41209338,70.90793681,68.7757401,70.3211695,880216.72625201
2020-06-02 20:30:00,70.77570755,70.97405143,69.93274607,70.54430636,882600.46504932
2020-06-03 20:30:00,71.5194971,72.73435336,71.26330292,72.56906679,835608.14021054
2020-06-04 20:30:00,71.97403516,72.38725157,71.56916571,72.38725157,813176.79512193
2020-06-05 20:30:00,74.37895469,75.60207528,73.34591365,73.60210783,926767.39390245
2020-06-08 20:30:00,73.67648679,74.65167752,73.36244231,73.9740026,1070454.81253351
2020-06-09 20:30:00,72.75914634,73.7673944,72.56906679,73.2136844,780944.29051137
2020-06-10 20:30:00,73.36244231,73.36244231,70.11042912,70.13935427,995465.05201341
2020-06-11 20:30:00,68.04847921,68.45756346,65.77578893,66.22206266,1610453.93146381
2020-06-12 20:30:00,68.4534313,68.5112816,64.94522394,66.51957848,1296757.53579667
2020-06-15 20:30:00,66.03198311,68.27988041,64.85018416,68.08980086,1194643.97381437
2020-06-16 20:30:00,70.9657871,72.79220366,69.84183845,70.34596248,1426616.84936393
2020-06-17 20:30:00,70.67653561,71.37073919,70.19720457,70.59389233,1453192.51190472
2020-06-18 20:30:00,70.04844666,70.76744322,69.75919517,70.36249114,983477.38690429
2020-06-19 20:30:00,71.6351977,72.29634396,70.25505487,70.72612158,2772291.85133264
2020-06-22 20:30:00,70.3211695,71.22198128,69.08978458,70.79223621,914612.74607555
2020-06-23 20:30:00,71.68478367,71.9575065,70.49472039,70.51124905,959362.90442123
2020-06-24 20:30:00,69.64349458,69.9864642,68.14765115,68.49475294,1081914.90905602
2020-06-25 20:30:00,67.84187101,69.22201383,67.37080429,69.12284189,868398.46390006
2020-06-26 20:30:00,68.73441846,68.97408398,67.56088384,68.18070847,1617677.74903739
2020-06-29 20:30:00,69.16416353,70.22612972,68.18897279,70.10629696,801600.53670879
2020-06-30 20:30:00,69.87489577,70.42034144,69.72613786,70.08150398,1093729.54134888
2020-07-01 20:30:00,70.61042099,71.05669471,69.13523839,69.33771443,1303065.36846184
2020-07-02 20:30:00,70.78397188,71.47817546,69.95753905,70.79223621,1107527.39592033
2020-07-06 20:30:00,71.43685382,72.06907493,69.62696592,70.17241159,767522.75206478
2020-07-07 20:30:00,70.32943382,70.32943382,68.88317637,69.02366995,799505.99261836
2020-07-08 20:30:00,68.59392488,69.68481622,66.84188728,67.43691892,1655898.64111388
2020-07-09 20:30:00,67.28816101,67.81707802,65.13117132,65.16422864,1153360.52189219
2020-07-10 20:30:00,65.11464267,65.77347492,64.65597245,64.93282745,1015895.02452803
2020-07-13 20:30:00,66.04851177,66.36255624,64.93282745,65.0650567,823884.25939472
2020-07-14 20:30:00,64.36258879,66.11462639,64.05680865,65.32125088,1886680.85728448
2020-07-15 20:30:00,66.37082057,67.52782653,65.80058192,67.07328847,1844491.10061145
2020-07-16 20:30:00,67.38733295,68.92863018,67.04436333,68.27988041,932815.0723334
2020-07-17 20:30:00,68.88317637,69.28812846,68.47409212,69.02366995,662489.4125607
2020-07-20 20:30:00,68.29640906,68.85838339,68.11459384,68.57739622,563189.1463671
2020-07-21 20:30:00,68.92449801,69.8253098,68.92449801,69.3873004,581230.54000564
2020-07-22 20:30:00,68.88317637,70.0443145,68.88317637,69.74266652,455121.07747029
2020-07-23 20:30:00,69.55258696,70.68479994,69.29639279,69.94927472,614483.09121829
2020-07-24 20:30:00,70.10629696,70.15588293,69.18895652,69.37077174,682971.41592217
2020-07-27 20:30:00,69.11457756,69.79225248,68.52781026,69.59390861,618557.22752821
2020-07-28 20:30:00,69.56085129,69.83357413,68.94102667,69.18069219,685821.01230169
2020-07-29 20:30:00,69.67655189,71.67651934,69.35424309,71.66825501,926802.48447358
2020-07-30 20:30:00,70.7591789,71.16413098,69.94844829,70.56083502,686786.60801756
2020-07-31 20:30:00,70.46166308,70.85008651,69.04019861,70.53604203,1097343.87017506
2020-08-03 20:30:00,70.82529352,75.57728229,70.53604203,74.79217111,1562106.38456768
2020-08-04 20:30:00,75.08968692,76.44503677,74.48639096,76.32933617,1168581.35962386
2020-08-05 20:30:00,76.48635841,76.97395378,75.84587296,76.13099229,893529.36292613
2020-08-06 20:30:00,75.67645423,76.21363557,74.39548335,74.76737812,837471.5705394
2020-08-07 20:30:00,74.45333365,75.55662147,74.16821432,75.46984603,667653.77661497
2020-08-10 20:30:00,75.43678871,75.66818991,74.76737812,75.30455946,819725.42170622
2020-08-11 20:30:00,76.19710692,76.38718647,74.73432081,75.18885886,1127622.1929797
2020-08-12 20:30:00,76.34586483,76.40371512,74.48639096,74.78390678,1153882.04038034
2020-08-13 20:30:00,74.27978275,74.965722,73.75086574,74.34589738,740801.8871607
2020-08-14 20:30:00,73.7095441,74.61862021,73.7095441,74.37895469,571436.64060186
2020-08-17 20:30:00,74.33763305,74.54010909,73.89962365,74.35416171,718910.21085565
2020-08-18 20:30:00,74.51944827,74.77564245,73.82937686,74.26325409,612387.33710816
2020-08-19 20:30:00,74.12276051,74.49465529,73.80045171,74.19713947,1030849.65792701
2020-08-20 20:30:00,73.44508559,73.80871604,73.37897097,73.57731485,623780.8825475
2020-08-21 20:30:00,73.45334992,73.80045171,72.89963993,73.40376395,915139.10464247
2020-08-24 20:30:00,73.6516938,74.31284006,73.33764933,73.85830201,568270.01906249
2020-08-25 20:30:00,74.37895469,74.37895469,72.98228321,73.12277679,767131.9157036
2020-08-26 20:30:00,72.67650306,73.43682126,72.16411471,73.08971948,642693.49036576
2020-08-27 20:30:00,73.52772888,74.22193245,72.81699664,73.61863649,532783.77149459
2020-08-28 20:30:00,73.87483066,73.9740026,73.0979838,73.93268096,428477.65382663
2020-08-31 20:30:00,73.42029261,74.91613603,73.25500604,74.60209155,966453.61982846
2020-09-01 20:30:00,74.36242603,75.89132677,74.06077805,75.56901797,787477.18683964
2020-09-02 20:30:00,75.80041916,76.94916079,75.13100857,76.94916079,733010.57035061
2020-09-03 20:30:00,77.14750467,77.2136193,74.59382723,75.20538752,1464214.58129797
2020-09-04 20:30:00,75.73430453,76.3376005,75.12274424,75.99876304,1135075.91429515
2020-09-08 20:30:00,75.25497349,75.48637468,74.39548335,74.89134305,1434241.18345624
2020-09-09 20:30:00,75.66818991,77.21775146,75.32108812,76.69296661,1103272.96667599
2020-09-10 20:30:00,76.46156542,76.7177596,74.70126349,75.30455946,1083330.63209807
2020-09-11 20:30:00,75.70951155,77.00701109,75.3458811,76.69296661,870696.29129909
2020-09-14 20:30:00,77.46981347,78.37888959,76.89957482,77.709479,895646.89739075
2020-09-15 20:30:00,77.74253631,78.59376212,77.34188167,78.40368257,904223.51698229
2020-09-16 20:30:00,78.75904869,79.01524287,77.98220183,78.21360302,942422.62870429
2020-09-17 20:30:00,77.52766377,79.03177152,76.63701711,77.99873049,744944.99459319
2020-09-18 20:30:00,77.65989303,78.792106,77.24667661,77.77559362,1979911.66469264
2020-09-21 20:30:00,76.44503677,76.55247303,73.2715347,73.79218738,1283039.54252504
2020-09-22 20:30:00,73.94920962,75.83347647,73.94920962,75.47811035,712199.44163235
2020-09-23 20:30:00,76.28801453,76.54420871,73.77565872,73.77565872,1041479.68093938
2020-09-24 20:30:00,73.65995813,75.0285309,72.84972338,74.39548335,658496.34757028
2020-09-25 20:30:00,73.6516938,75.2880308,73.55252186,74.72605648,668528.62085378
2020-09-28 20:30:00,75.67645423,77.18882631,75.50290334,76.42024378,558661.2526719
2020-09-29 20:30:00,76.35412915,77.63510004,76.25495721,76.84172452,620016.51127926
2020-09-30 20:30:00,77.03180407,78.42021123,76.25495721,76.66817363,928657.44466459
2020-10-01 20:30:00,76.8334602,77.95740884,75.16406588,75.57728229,795279.39382698
2020-10-02 20:30:00,74.89134305,79.06069667,74.54424126,77.88302989,1060228.93609895
2020-10-05 20:30:00,78.19707436,80.42844301,78.08137377,79.64333182,1001100.11372868
2020-10-06 20:30:00,80.14745584,80.81686644,78.44500421,78.7342557,1006372.16953573
2020-10-07 20:30:00,79.51936689,81.1557039,78.85822063,80.43670733,863178.43893985
2020-10-08 20:30:00,80.61852256,81.81685016,80.18877749,81.80858583,817662.33812783
2020-10-09 20:30:00,81.56065598,82.2961812,80.96562435,82.08130867,823372.42106413
2020-10-12 20:30:00,82.37056016,83.84161059,81.83337882,83.2879006,1125038.80093286
2020-10-13 20:30:00,83.0564994,83.72591,81.99040105,82.04825135,818471.84130316
2020-10-14 20:30:00,82.42014613,82.76906607,81.46561621,81.74247121,788831.1988773
2020-10-15 20:30:00,81.00694599,82.70939762,80.81686644,82.12263031,938578.39613624
2020-10-16 20:30:00,82.14742329,83.70524918,81.9738724,82.08957299,1455219.29489228
2020-10-19 20:30:00,82.78377657,83.46145149,80.2218348,80.76728047,685247.46296671
2020-10-20 20:30:00,81.67635658,82.03998702,80.80860211,80.95736002,674345.18552316
2020-10-21 20:30:00,80.84165942,81.81685016,80.23836345,80.70943017,594274.55230768
2020-10-22 20:30:00,80.62678688,81.78379285,80.55240793,81.42842673,470536.7283727
2020-10-23 20:30:00,82.10610165,82.41601396,81.27966882,81.99040105,364731.3963038
2020-10-26 20:30:00,80.81686644,81.23008285,78.77557735,79.7838254,716415.15024648
2020-10-27 20:30:00,80.11439853,80.11439853,78.59376212,79.04003585,548419.64598132
2020-10-28 20:30:00,77.23014795,78.3664931,76.91610348,77.02353975,815935.6400244
2020-10-29 20:30:00,76.62685199,79.2301154,76.44503677,78.28798198,674639.22030882
2020-10-30 20:30:00,78.11443108,78.67640541,77.08139004,78.51111884,758619.42715584
2020-11-02 21:30:00,79.98216928,82.05651568,79.748702,81.9160221,994625.29834572
2020-11-03 21:30:00,83.04823508,84.808537,82.60196135,84.24656268,1114938.76654649
2020-11-04 21:30:00,82.65981165,82.65981165,78.3540966,79.04830018,1710662.92244766
2020-11-05 21:30:00,80.03175525,82.28791687,80.03175525,80.79207345,1097111.5463938
2020-11-06 21:30:00,80.73422315,81.88296479,80.33340323,80.66810853,788558.94444614
2020-11-09 21:30:00,85.15563879,88.01509638,82.69286896,82.75071926,1147316.47352033
2020-11-10 21:30:00,83.06476373,85.56059088,82.81683388,83.97383985,1437438.05548797
2020-11-11 21:30:00,85.23828208,85.63496983,81.60197762,81.69288524,1267483.52933811
2020-11-12 21:30:00,81.89949344,82.16808411,80.56893659,82.0317227,919069.2486088
2020-11-13 21:30:00,82.87468418,85.58538386,82.8498912,85.34571834,863247.41006241
2020-11-16 21:30:00,86.77544714,88.62665668,85.65149849,88.60186369,930460.37400875
2020-11-17 21:30:00,88.01509638,88.20401893,85.64323416,87.02337699,739146.58021922
2020-11-18 21:30:00,87.45312206,89.39523921,86.97379102,86.97379102,981339.28210487
2020-11-19 21:30:00,86.52751729,87.40766825,85.32918969,86.89941206,660168.59478748
2020-11-20 21:30:00,86.82503311,86.87875124,85.46141894,85.78372774,682996.82633574
2020-11-23 21:30:00,86.55231028,87.24651385,85.32885911,86.37049505,1279696.25811033
2020-11-24 21:30:00,87.62667295,90.46133756,86.32917341,88.8663222,1447058.92207549
2020-11-25 21:30:00,88.53574907,88.96549414,87.4944437,87.89113146,600999.8417673
2020-11-27 21:30:00,88.16385429,88.16385429,87.08949161,87.48617937,333443.91707431
2020-11-30 21:30:00,87.73410922,89.2464813,87.49031154,89.12251638,1428243.11583275
2020-12-01 21:30:00,90.49439487,91.64313651,89.43656085,89.85804159,955679.60447249
2020-12-02 21:30:00,89.17210235,89.51920413,87.51510452,88.33740519,618892.40298347
2020-12-03 21:30:00,88.61839235,89.97787436,88.4283128,89.08119473,773672.07215003
2020-12-04 21:30:00,89.44482518,91.8166874,89.07293041,90.04812115,792794.01337537
2020-12-07 21:30:00,89.75886966,91.00678323,89.61011175,90.78364636,743528.06153144
2020-12-08 21:30:00,89.82498428,91.01504756,89.54399712,90.57703816,550088.26313944
2020-12-09 21:30:00,90.90761129,91.8745377,90.32910831,90.65968144,924781.75158449
2020-12-10 21:30:00,89.84977727,90.19687906,89.02334444,89.84151294,468917.72202204
2020-12-11 21:30:00,89.742341,90.46546972,89.31259593,89.79192697,598219.21651033
2020-12-14 21:30:00,90.59356681,90.73406039,86.89941206,86.99031968,731960.27325616
2020-12-15 21:30:00,87.92418877,88.13071434,87.13081326,87.52750101,895915.52176283
2020-12-16 21:30:00,87.96551041,88.09773967,87.10602027,87.79195952,758618.21713615
2020-12-17 21:30:00,88.08121101,89.17210235,87.89113146,88.4283128,684258.87687665
2020-12-18 21:30:00,88.18864728,88.71756429,87.31262848,88.08121101,2050649.41600779
2020-12-21 21:30:00,86.86635475,88.67624265,86.43660968,88.14732564,911677.23829775
2020-12-22 21:30:00,88.14732564,88.35393384,87.30436415,87.69278758,798651.71871435
2020-12-23 21:30:00,88.30434787,89.39523921,88.03988937,88.30434787,443013.62041146
2020-12-24 21:30:00,88.29608355,88.70103563,88.06468235,88.65971399,174881.7263441
2020-12-28 21:30:00,89.29606727,89.66796204,88.14732564,88.27955489,394169.96544075
2020-12-29 21:30:00,88.27955489,89.13904503,87.60187997,88.61839235,502120.66242724
2020-12-30 21:30:00,88.42004847,89.62374789,88.39525549,88.83326489,366836.83057148
2020-12-31 21:30:00,88.90764384,90.19687906,88.51095608,90.04812115,384390.58627331
2021-01-04 21:30:00,90.08117846,90.8828183,87.61840863,87.69278758,1049116.11522864
2021-01-05 21:30:00,86.77544714,89.07293041,86.77544714,88.56054205,782323.71296261
2021-01-06 21:30:00,89.99027085,96.46950423,89.93655271,94.84143156,1861179.69223202
2021-01-07 21:30:00,95.14721171,96.32901065,93.11418694,94.89101753,988016.17077673
2021-01-08 21:30:00,94.71746663,94.75878828,92.6472524,93.81665485,1035755.07776675
2021-01-11 21:30:00,92.96542904,94.4447438,92.94063605,93.39517411,575738.26061427
2021-01-12 21:30:00,93.6844256,94.37036485,92.69683837,93.86624082,551767.7704748
2021-01-13 21:30:00,94.32077888,94.53565141,92.8662571,93.19683023,534747.63345806
2021-01-14 21:30:00,93.85797649,94.33730753,92.21337516,92.55221262,1135316.70821427
2021-01-15 21:30:00,91.88280203,92.01503128,90.16382174,91.06463353,831825.61864689
2021-01-19 21:30:00,92.02329561,93.3042665,91.72577979,92.30428277,607475.86716995
2021-01-20 21:30:00,92.52741964,92.84972844,91.71751546,92.55221262,443873.94441394
2021-01-21 21:30:00,92.79187814,93.3042665,91.59355054,91.83321606,518759.64324035
2021-01-22 21:30:00,91.57702188,92.07288158,90.42001592,91.74230845,499196.04482668
2021-01-25 21:30:00,91.48611427,91.73404412,90.2382007,91.14727681,442947.06932828
2021-01-26 21:30:00,91.74230845,91.82495173,89.63490473,89.92415622,515555.51109046
2021-01-27 21:30:00,87.97377474,88.38699116,85.54406222,86.36223072,1363705.50543
2021-01-28 21:30:00,87.60187997,87.60187997,85.65976282,86.46966699,1363822.87734033
2021-01-29 21:30:00,85.78372774,86.19694416,82.7341906,83.43665851,1283755.87418392
2021-02-01 21:30:00,84.57713581,84.57713581,82.68460463,84.01516149,1131583.79745807
2021-02-02 21:30:00,85.18869611,87.84980982,84.78374402,87.2299852,734640.46687852
2021-02-03 21:30:00,86.80850445,88.36153703,86.50272431,87.67625892,748279.80887004
2021-02-04 21:30:00,87.9324531,89.12251638,87.71758057,89.04813742,823095.32655419
2021-02-05 21:30:00,90.07291413,90.65554928,87.84154549,88.80020757,702559.21472972
2021-02-08 21:30:00,89.49441115,90.30431532,89.29606727,90.18861473,836282.12118013
2021-02-09 21:30:00,90.97372592,93.73682144,90.41175159,92.59353426,1259228.77498519
2021-02-10 21:30:00,92.89105008,93.03154366,90.46960189,91.4943786,716132.00563807
2021-02-11 21:30:00,92.10593889,95.19679768,91.68445815,95.03977544,930768.92903073
2021-02-12 21:30:00,94.63482335,95.41993454,93.98194142,94.95713216,621175.71014617
2021-02-16 21:30:00,94.67614499,95.92405857,92.99848635,93.57698933,705491.09244845
2021-02-17 21:30:00,93.11418694,93.43649575,91.34562069,93.22988754,693182.7721204
2021-02-18 21:30:00,92.37866173,93.53566769,90.68447442,92.98195769,1142699.03836777
2021-02-19 21:30:00,93.69268993,94.14722798,92.76708516,92.89931441,471649.94649125
2021-02-22 21:30:00,92.81667113,96.00670185,92.33734008,95.65960006,977985.10751292
2021-02-23 21:30:00,95.65133573,96.46123991,94.33739018,96.05628782,684187.4857147
2021-02-24 21:30:00,96.55214752,99.46119108,95.91579424,98.96533138,979506.10226836
2021-02-25 21:30:00,99.00665302,99.53557003,96.94057095,97.27114408,626629.26890733
2021-02-26 21:30:00,97.43643064,97.5686599,95.05960983,95.10589006,849587.49773609
2021-03-01 21:30:00,96.68437677,97.21329378,95.11415439,95.18853335,866878.67916431
2021-03-02 21:30:00,95.18026902,95.86620827,94.34557186,94.66788066,672838.71100405
2021-03-03 21:30:00,94.79184559,96.54388319,94.25053209,95.09762574,555799.55609543
2021-03-04 21:30:00,95.51084215,96.17198842,92.4282477,93.28773784,820761.19856434
2021-03-05 21:30:00,93.83318351,96.06455215,92.66378105,95.46952051,755916.24315929
2021-03-08 21:30:00,96.7504914,99.15541093,96.41991826,97.72568214,859708.10245727
2021-03-09 21:30:00,98.11410557,100.58513973,97.30420139,100.53555376,1016039.01687163
2021-03-10 21:30:00,101.23802166,103.28757508,100.43638182,103.09749553,884582.4773082
2021-03-11 21:30:00,102.92394464,104.9569694,102.74212941,103.35368971,939674.67397907
2021-03-12 21:30:00,103.39501135,104.75036119,103.39501135,104.51069567,581398.73274311
2021-03-15 20:30:00,104.16359388,104.53135649,102.65948613,104.03136463,619004.93481502
2021-03-16 20:30:00,103.93219269,103.93219269,102.18841942,102.91568031,469833.70693045
2021-03-17 20:30:00,103.37848269,103.91566403,102.18015509,103.56856224,500793.27082285
2021-03-18 20:30:00,103.77517045,105.31646768,102.70080777,102.99005926,665965.79914175
2021-03-19 20:30:00,102.58510718,102.79171538,100.35373853,101.95701822,1187553.25840714
2021-03-22 20:30:00,101.13884972,101.89792828,99.99837242,101.80826032,718081.34736521
2021-03-23 20:30:00,101.37025092,102.24213755,100.32894555,100.65951868,543169.37052876
2021-03-24 20:30:00,100.88265555,102.99832359,100.60993271,101.89916793,584479.44288421
2021-03-25 20:30:00,102.29585568,104.73383253,100.6347257,104.25450149,656216.67046665
2021-03-26 20:30:00,104.36193776,106.39496252,102.36197031,106.29579058,634885.23327995
2021-03-29 20:30:00,105.62637999,106.60983506,104.60986761,105.26274954,663848.26467713
2021-03-30 20:30:00,105.26274954,106.18835431,105.05614134,105.89083849,549284.81006258
2021-03-31 20:30:00,106.41975551,107.18833804,105.28341036,106.83297192,750843.84060177
2021-04-01 20:30:00,107.43626789,108.4610446,106.58917424,107.39494625,690642.94078255
2021-04-05 20:30:00,108.80814638,109.99820966,108.05609251,109.65110787,799440.65155488
2021-04-06 20:30:00,108.7833534,110.54365533,108.7833534,109.05607623,786466.82039509
2021-04-07 20:30:00,108.91558265,109.13871952,107.75857669,108.63459549,670906.30955263
2021-04-08 20:30:00,108.7255031,109.89077339,107.54370415,109.72548683,666640.99013104
2021-04-09 20:30:00,110.34531145,111.70892562,109.53540727,111.65933965,582935.45775458
2021-04-12 20:30:00,111.78330457,112.5518871,110.73786704,111.09736532,1424054.02765189
2021-04-13 20:30:00,110.61803428,110.61803428,108.33294751,108.74203176,1078387.70164781
2021-04-14 20:30:00,108.83293937,109.1056622,107.71725505,108.52715922,1433703.93471208
2021-04-15 20:30:00,108.46930892,110.77505652,108.08914982,110.66762025,1008536.89476841
2021-04-16 20:30:00,111.65107532,111.65933965,110.10151376,110.56018398,809938.7824206
2021-04-19 20:30:00,110.98166473,111.18000861,109.6015219,110.51059801,760032.73015851
2021-04-20 20:30:00,110.51059801,110.88249279,108.68418146,110.07258861,507756.9341622
2021-04-21 20:30:00,110.37010443,112.13040636,109.74201548,111.94859114,524479.4063342
2021-04-22 20:30:00,112.38660054,113.46922754,111.53545737,111.70892562,687104.8431971
2021-04-23 20:30:00,112.01470576,113.91012946,111.85768353,113.33699829,529890.61440607
2021-04-26 20:30:00,113.56013516,114.49400425,112.33701457,112.75849531,607779.58211316
2021-04-27 20:30:00,112.83287427,113.31633747,111.9072695,112.98163218,524881.13287264
2021-04-28 20:30:00,113.30394098,113.41137725,112.18825666,112.39486487,363140.2204061
2021-04-29 20:30:00,112.51056546,112.51056546,111.68413263,111.87421218,850007.37456993
2021-04-30 20:30:00,111.71718995,112.23784263,110.00647399,110.4196904,1220353.26225421
2021-05-03 20:30:00,111.56843204,112.58494442,110.55191966,112.17999233,1521482.39337877
2021-05-04 20:30:00,111.69239696,114.29566037,111.43620278,114.26260306,639171.12303633
2021-05-05 20:30:00,114.46921127,114.72540545,112.84113859,114.18822411,530385.51246095
2021-05-06 20:30:00,114.48573993,114.87416336,113.51881351,114.4196253,620321.43624216
2021-05-07 20:30:00,113.62624978,116.58901148,112.90725322,115.65927454,1021600.26738556
2021-05-10 20:30:00,117.08073901,120.63440018,116.06191262,117.65097766,1286843.84444318
2021-05-11 20:30:00,117.01462439,117.08073901,114.37417149,115.81629678,614224.14700376
2021-05-12 20:30:00,115.5601026,116.27909917,111.72545427,111.89900517,695666.94255232
2021-05-13 20:30:00,111.74198293,115.45266634,111.70066129,114.92374933,551874.25220788
2021-05-14 20:30:00,115.75844648,116.27083484,114.20475276,114.4196253,769982.72210282
2021-05-17 20:30:00,114.13863814,115.22126514,113.58492814,114.95680664,451919.36535979
2021-05-18 20:30:00,114.92374933,115.09316806,111.99817711,112.03949875,660803.85512686
2021-05-19 20:30:00,111.56843204,112.90725322,110.18002488,112.76675964,862822.6931498
2021-05-20 20:30:00,113.01468949,113.50228486,112.18825666,112.91551755,708848.89709948
2021-05-21 20:30:00,113.47749187,115.19647216,113.47749187,114.51053291,629685.77865454
2021-05-24 20:30:00,115.13035753,115.6838196,114.51053291,115.4113447,540498.85706396
2021-05-25 20:30:00,115.27911544,116.29562782,114.89069201,115.09730022,814817.58182708
2021-05-26 20:30:00,115.07250723,116.97330274,114.87416336,116.10554827,1058464.727385
2021-05-27 20:30:00,117.20470394,117.41957647,115.51878096,116.16339857,839170.43818987
2021-05-28 20:30:00,117.81626423,117.82452856,116.35347812,117.41957647,603124.63635008
2021-06-01 20:30:00,118.60137542,118.66749005,117.32866886,117.62618468,446770.73156154
2021-06-02 20:30:00,117.4856911,117.61792035,116.30389215,116.85760215,394744.72479544
2021-06-03 20:30:00,116.40306409,117.37825483,115.21300082,117.12206065,390537.48631917
2021-06-04 20:30:00,117.46089811,118.57658243,117.10966416,118.51046781,350449.53385473
2021-06-07 20:30:00,118.51046781,118.99806318,116.98156707,117.08900334,431356.29067882
2021-06-08 20:30:00,117.08073901,118.26253796,116.71710857,117.8658502,374739.46919343
2021-06-09 20:30:00,117.43610513,117.83692505,116.91545245,116.95677409,454684.26036073
2021-06-10 20:30:00,117.44436946,117.76667826,116.12207693,116.74190155,616883.77029132
2021-06-11 20:30:00,117.14685364,117.64271334,115.37002305,115.82456111,865046.70934749
2021-06-14 20:30:00,115.70059619,115.98984768,113.72542172,114.51053291,836918.59153921
2021-06-15 20:30:00,114.42788963,115.13862186,113.87417963,114.57664754,566527.59070303
2021-06-16 20:30:00,114.5353259,115.11382888,113.50228486,113.85765098,599506.67746482
2021-06-17 20:30:00,113.82459366,114.25433873,109.97341667,110.58497697,737261.36953587
2021-06-18 20:30:00,108.37840131,109.3246669,107.0891661,107.17180938,1590325.25385301
2021-06-21 20:30:00,108.33707967,110.32878279,108.08088549,109.76680847,895191.92998578
2021-06-22 20:30:00,110.01473832,110.18002488,108.74203176,109.70895817,1022298.44874903
2021-06-23 20:30:00,110.27919682,110.35853437,108.51889489,109.01475459,738164.04422764
2021-06-24 20:30:00,109.6593722,112.25437129,108.66352064,111.76677592,928841.36765809
2021-06-25 20:30:00,112.36180755,113.21303337,111.92379815,113.08906844,990743.55516716
2021-06-28 20:30:00,112.91551755,114.01467321,109.64284354,110.65935592,912353.63930673
2021-06-29 20:30:00,110.73373488,111.32876652,108.62633116,108.93211131,1143944.14863297
2021-06-30 20:30:00,108.90731832,110.43621906,108.44451594,110.26266816,531086.11386381
2021-07-01 20:30:00,111.14695129,111.43620278,110.51059801,110.99819338,466138.30678477
2021-07-02 20:30:00,111.14695129,111.27918055,109.63457921,109.69242951,803659.99022809
2021-07-06 20:30:00,109.61805056,109.69242951,107.44453222,108.87426101,821312.96754483
2021-07-07 20:30:00,108.56848086,110.56018398,108.56848086,110.38663309,472810.35537786
2021-07-08 20:30:00,108.54368788,110.54365533,107.98584572,109.3370634,455245.70949878
2021-07-09 20:30:00,111.03951503,111.65107532,110.32051846,111.27918055,512829.33671973
2021-07-12 20:30:00,110.64282727,112.26263561,110.11391026,112.01470576,553054.02140959
2021-07-13 20:30:00,111.80809756,112.16346367,109.69242951,109.82465877,498794.31828825
2021-07-14 20:30:00,110.11391026,111.2957092,109.37012071,109.83292309,505169.91205629
2021-07-15 20:30:00,109.00649026,110.25440384,109.00649026,109.62631489,862705.32123947
2021-07-16 20:30:00,110.22961085,110.23787518,108.67599977,109.12219086,586797.84061804
2021-07-19 20:30:00,107.44453222,107.64287609,105.24622089,106.25446894,756685.81568472
2021-07-20 20:30:00,106.44454849,110.13043891,106.28752625,109.2792131,674379.0660746
2021-07-21 20:30:00,110.27919682,111.27091622,109.87424473,110.48580503,403702.50059061
2021-07-22 20:30:00,110.51059801,110.60976995,108.83293937,109.32053474,271348.12641419
2021-07-23 20:30:00,110.48580503,110.71720622,109.39491369,110.65935592,245048.34836365
2021-07-26 20:30:00,110.92381443,111.32463435,109.7750728,110.17176055,319250.38606291
2021-07-27 20:30:00,109.4858213,111.00645771,108.92384698,110.46101204,447755.68759251
2021-07-28 20:30:00,110.56018398,112.25437129,109.35359205,111.65933965,500612.97788843
2021-07-29 20:30:00,112.84940292,113.51054919,111.60148935,112.82460994,695931.93686532
2021-07-30 20:30:00,112.56015143,113.07278772,111.48165659,111.77504024,488085.64399576
2021-08-02 20:30:00,112.32875024,114.48573993,110.63456294,110.65935592,1219335.6356915
2021-08-03 20:30:00,109.97341667,110.07258861,106.52719177,106.98999416,1258278.90952534
2021-08-04 20:30:00,105.79166656,107.05610878,104.64292492,106.36190521,823240.52891748
2021-08-05 20:30:00,107.37841759,108.18005743,106.10571103,106.39496252,451509.1686835
2021-08-06 20:30:00,107.06437311,107.65114042,106.0974467,106.51892745,731821.12099134
2021-08-09 20:30:00,106.61809939,108.51889489,105.79166656,107.73378371,763109.81024052
2021-08-10 20:30:00,107.72551938,109.4858213,107.1470164,108.85773235,602177.19092963
2021-08-11 20:30:00,109.56020026,112.65932337,109.14698384,112.51882979,936215.22767373
2021-08-12 20:30:00,112.84113859,115.37002305,112.39486487,115.33696574,1401339.53795487
2021-08-13 20:30:00,115.70059619,115.76671081,113.78327202,114.10558082,973708.89791409
2021-08-16 20:30:00,113.75847904,114.71714112,112.25437129,114.16343112,602444.60528202
2021-08-17 20:30:00,113.41137725,113.45269889,111.27091622,112.18825666,876621.75774094
2021-08-18 20:30:00,111.53537472,112.81634561,110.60976995,110.66762025,559652.25880134
2021-08-19 20:30:00,109.51887862,110.51059801,108.69244579,109.03128325,549137.1876599
2021-08-20 20:30:00,108.91558265,109.88250906,108.29575803,109.70895817,503784.43950658
2021-08-23 20:30:00,110.03126697,110.48993719,109.1635125,109.86598041,559811.98140096
2021-08-24 20:30:00,109.9238307,111.25438756,109.88250906,111.18000861,391955.62940061
2021-08-25 20:30:00,111.60975368,112.2874286,111.28165984,111.89074084,376417.7665091
2021-08-26 20:30:00,111.77504024,111.78718881,110.30812197,110.4775407,331500.62544564
2021-08-27 20:30:00,110.66762025,112.63453039,110.6098526,112.40312919,344178.00178038
2021-08-30 20:30:00,112.53535845,112.55634984,111.65107532,111.87421218,426069.71463544
2021-08-31 20:30:00,111.81636189,112.32321314,111.02298637,111.53537472,471398.26239488
2021-09-01 20:30:00,111.89074084,112.06429173,110.39489742,111.33703084,569297.32578275
2021-09-02 20:30:00,112.06429173,113.02295382,111.65933965,112.63453039,379266.15286893
2021-09-03 20:30:00,112.89072456,113.79980068,112.33701457,113.30394098,414985.93423779
2021-09-07 20:30:00,113.11386143,113.37831993,110.14696757,110.16349623,710538.0845924
2021-09-08 20:30:00,109.95688802,112.3328824,109.61309196,112.24610696,602806.40117054
2021-09-09 20:30:00,112.2874286,113.65104277,111.89900517,112.02297009,489647.7794208
2021-09-10 20:30:00,112.27089994,112.90717058,110.02300264,110.18002488,538029.20686837
2021-09-13 20:30:00,111.25438756,112.01470576,110.25440384,111.19653726,428101.33770178
2021-09-14 20:30:00,111.96511979,112.00230927,109.86598041,109.9238307,565531.74449481
2021-09-15 20:30:00,109.6593722,112.59320875,109.46929265,112.39486487,691661.77736495
2021-09-16 20:30:00,112.09734905,113.0477468,110.4196904,110.48580503,640349.68221835
2021-09-17 20:30:00,109.56846459,110.56010134,107.68419774,107.89080594,1423319.5456976
2021-09-20 20:30:00,105.96521745,106.96520117,103.98177866,105.68423029,691952.18209153
2021-09-21 20:30:00,106.0974467,106.32058357,104.43631671,104.74209686,543947.41319205
2021-09-22 20:30:00,106.08091805,108.24617206,105.57679402,107.88254161,685090.16040648
2021-09-23 20:30:00,108.47757325,111.60148935,108.36187266,111.4114098,873865.33287785
2021-09-24 20:30:00,110.86596413,113.02295382,110.86596413,112.39486487,672528.94596237
2021-09-27 20:30:00,113.17997605,114.77499142,112.39486487,114.27086739,711123.73412433
2021-09-28 20:30:00,114.46094694,114.65094385,111.9072695,112.45271516,732375.31001122
2021-09-29 20:30:00,112.70890934,113.70062874,111.74198293,112.74196665,644703.33307761
2021-09-30 20:30:00,113.00642516,113.00642516,109.52714295,109.52714295,996320.53593711
2021-10-01 20:30:00,110.31225413,111.99817711,108.98996161,111.28744487,773188.0642724
2021-10-04 20:30:00,110.98992906,112.70064501,107.66766908,108.56021654,1000444.28305449
2021-10-05 20:30:00,108.77508907,110.26266816,107.74204803,109.32053474,557711.38721206
2021-10-06 20:30:00,107.55196848,109.75854414,106.89082222,109.28747743,653201.30138904
2021-10-07 20:30:00,110.27919682,112.2874286,110.27919682,111.44446711,454313.99433435
2021-10-08 20:30:00,111.32050219,112.37007188,110.93207876,111.85768353,344966.93462091
2021-10-11 20:30:00,111.96511979,112.75940439,110.73373488,110.73373488,444895.20103573
2021-10-12 20:30:00,110.87422846,111.50231741,109.6593722,109.91556638,575931.86376532
2021-10-13 20:30:00,109.94035936,110.65935592,108.68418146,110.13870324,433120.49939277
2021-10-14 20:30:00,111.11389398,111.53537472,110.31225413,111.13868696,685022.39930361
2021-10-15 20:30:00,112.18825666,112.39486487,110.52712667,110.70894189,631713.7716618
2021-10-18 20:30:00,109.86598041,111.0312507,109.3370634,110.7998495,682240.56402695
2021-10-19 20:30:00,111.38661681,111.66760398,110.38663309,110.5932413,559174.30102218
2021-10-20 20:30:00,110.90728577,113.29567665,110.90728577,112.73370233,733192.07330472
2021-10-21 20:30:00,112.6675877,113.1634474,111.94032681,113.11386143,464547.13088707
2021-10-22 20:30:00,113.51054919,114.11797732,112.91551755,113.1634474,431335.72034402
2021-10-25 20:30:00,113.33699829,115.15515052,112.81634561,114.98986395,820095.6877326
2021-10-26 20:30:00,115.6179529,115.83282544,114.18822411,114.27086739,476850.61113634
2021-10-27 20:30:00,114.05599485,114.0973165,112.26098275,112.39486487,515027.94250385
2021-10-28 20:30:00,112.92378188,117.07247468,112.92378188,115.10556455,590610.61267404
2021-10-29 20:30:00,114.87416336,116.56835066,114.82986656,116.04769797,550284.28632988
2021-11-01 20:30:00,116.80801618,117.59312737,115.81629678,116.28736349,552670.44516658
2021-11-02 20:30:00,116.88239513,116.92371677,114.84937037,116.22124887,620767.93350927
2021-11-03 20:30:00,116.17992723,116.77495886,114.57664754,116.65099394,438492.98683442
2021-11-04 20:30:00,116.76669454,118.12204438,116.30802432,117.14685364,369080.20708428
2021-11-05 20:30:00,118.17989468,119.82449601,117.51874841,117.87411453,716413.94022679
2021-11-08 21:30:00,118.98979885,120.74183645,118.27906662,119.82449601,882103.14695506
2021-11-09 21:30:00,119.55177317,120.89687525,119.25425735,119.42780825,473239.91236925
2021-11-10 21:30:00,119.64268078,120.59307854,119.21293571,120.26250541,737268.62965403
2021-11-11 21:30:00,120.60134287,120.83274406,119.27078601,119.5021872,467523.77933448
2021-11-12 21:30:00,120.1137475,120.29556272,118.80798363,120.17986212,557765.83809829
2021-11-15 21:30:00,120.84927272,122.00627868,119.95672526,120.19639078,536648.57439744
2021-11-16 21:30:00,120.75010078,122.16330092,120.45258496,121.65917689,439551.75406673
2021-11-17 21:30:00,121.28728212,121.52694764,119.43607258,120.1715978,725297.90482063
2021-11-18 21:30:00,120.52696391,122.23767987,119.52698019,121.66744122,737780.46798462
2021-11-19 21:30:00,122.05586465,123.02279106,120.92365167,121.00629495,793939.90202565
2021-11-22 21:30:00,121.47736167,122.90709046,120.931916,121.13025988,1071997.58764344
2021-11-23 21:30:00,119.25425735,119.53524452,115.2956441,119.00632751,1746855.82151689
2021-11-24 21:30:00,119.31210765,123.59302971,118.42782452,122.6839536,1127691.16410226
2021-11-26 21:30:00,119.86581765,121.27075346,119.07244213,120.4360563,620545.28988556
2021-11-29 21:30:00,121.49389032,122.4347841,119.89887496,120.73357212,670327.92013886
2021-11-30 21:30:00,119.79143869,120.57654988,117.41131214,117.81626423,1143346.3989041
2021-12-01 21:30:00,119.54350884,119.70879541,114.50226858,114.69234813,805431.4590602
2021-12-02 21:30:00,114.66755515,118.21295199,114.14690247,117.37825483,650132.69144489
2021-12-03 21:30:00,117.8079999,118.43608885,115.87414708,117.26255423,535885.05197048
2021-12-06 21:30:00,118.84104094,119.32863631,116.29562782,116.81628051,1055008.91113874
2021-12-07 21:30:00,118.13857303,119.90300713,117.56007005,118.60137542,684758.6150103
2021-12-08 21:30:00,118.46914617,119.75011705,118.02287244,119.41127959,425976.543119
2021-12-09 21:30:00,119.1798784,119.18814273,117.46089811,117.4856911,469257.73755607
2021-12-10 21:30:00,118.17989468,119.295579,117.8658502,118.54352512,459739.72264254
2021-12-13 21:30:00,118.58484676,118.9608737,115.54357395,116.4361214,664485.94505591
2021-12-14 21:30:00,116.1716629,117.3121402,115.04771425,115.90720439,544753.2863083
2021-12-15 21:30:00,115.88241141,116.551822,114.21309974,115.76671081,446088.28045408
2021-12-16 21:30:00,116.46091439,117.52370701,113.60972113,114.18822411,992962.73128608
2021-12-17 21:30:00,113.84938665,114.22128142,111.44446711,112.00644144,1940629.58534445
2021-12-20 21:30:00,110.00647399,110.56844831,107.69246206,109.7750728,1158213.9108851
2021-12-21 21:30:00,110.74199921,111.76677592,110.24613951,110.94034309,778773.51518022
2021-12-22 21:30:00,111.15521562,111.51058174,110.01887048,111.22959458,666114.63156412
2021-12-23 21:30:00,111.4114098,113.96674011,111.4114098,113.51054919,442556.2329671
2021-12-27 21:30:00,114.04773053,114.88242768,113.12212576,114.8576347,408839.03419193
2021-12-28 21:30:00,114.96507097,116.14686991,114.57664754,115.86588275,394039.2833138
2021-12-29 21:30:00,115.86588275,116.70884424,114.24607441,114.25433873,506619.51564978
2021-12-30 21:30:00,114.87416336,115.65101022,114.25433873,114.73366977,307217.95022511
2021-12-31 21:30:00,114.9733353,115.71712484,114.29566037,115.06424291,295020.95170892
2022-01-03 21:30:00,115.30390843,116.81628051,114.45268261,115.3534944,621908.98208078
2022-01-04 21:30:00,116.00637633,118.32038826,115.07250723,117.8079999,778663.40338806
2022-01-05 21:30:00,118.00634378,118.8575696,114.78325574,114.93201365,655783.48341618
2022-01-06 21:30:00,115.70059619,115.80803245,114.48573993,114.77499142,470225.75331133
2022-01-07 21:30:00,114.52706157,115.05597858,112.89601373,113.37831993,621014.77752686
2022-01-10 21:30:00,113.11386143,113.11386143,109.76680847,110.37010443,848940.13719977
2022-01-11 21:30:00,110.18415705,110.89075712,108.31228669,110.86596413,731817.49093226
2022-01-12 21:30:00,111.15521562,111.84115487,109.21309847,109.34532772,1210288.31843896
2022-01-13 21:30:00,109.56020026,112.18825666,109.56020026,110.89075712,500857.40186663
2022-01-14 21:30:00,109.87424473,110.70894189,108.81641071,109.84945175,426736.43548687
2022-01-18 21:30:00,108.70071012,109.08913355,105.60985133,107.11395908,759399.88985851
2022-01-19 21:30:00,107.72551938,108.345344,106.4900023,106.5933064,517854.54850919
2022-01-20 21:30:00,107.05610878,108.74203176,104.43631671,104.56854597,746503.49995915
2022-01-21 21:30:00,104.30408746,106.45694498,103.39501135,105.75034491,996936.43596139
2022-01-24 21:30:00,104.22970851,109.82465877,103.41154001,109.19656981,1521455.7729455
2022-01-25 21:30:00,106.65942103,107.791634,103.44459732,105.10572731,1129474.73313131
2022-01-26 21:30:00,105.79166656,107.21313102,102.46940658,103.86607806,660786.91485114
2022-01-27 21:30:00,105.34539283,106.60983506,103.61814821,104.54375298,879027.27689274
2022-01-28 21:30:00,104.09747925,105.93216014,102.5479177,105.86604551,543542.05659453
2022-01-31 21:30:00,105.50241506,107.66766908,105.11399163,107.5850258,613006.86719153
2022-02-01 21:30:00,108.01477087,108.22137908,106.55198476,107.5271755,740501.80227658
2022-02-02 21:30:00,107.41973923,109.6015219,106.60983506,108.77508907,1034673.32016026
2022-02-03 21:30:00,108.2874937,108.75029609,106.32884789,106.56851342,611552.42351926
2022-02-04 21:30:00,105.56852969,106.35364088,104.58507462,105.51067939,1233160.11069621
2022-02-07 21:30:00,106.13050402,106.80817894,105.05614134,105.8329882,889224.11285464
2022-02-08 21:30:00,105.79166656,106.9156152,102.34544165,102.67601479,1236482.82477612
2022-02-09 21:30:00,102.51899255,106.13050402,102.37023464,105.56852969,969812.63449919
2022-02-10 21:30:00,103.44459732,105.63051215,102.28759136,102.7669224,986940.46326871
2022-02-11 21:30:00,102.75865807,103.04790956,99.31243317,100.39506018,1540825.76820812
2022-02-14 21:30:00,100.56034674,100.66778301,97.99014064,99.72564958,1544774.06246986
2022-02-15 21:30:00,100.93224152,102.32064867,100.66365085,102.31238434,944830.56789549
2022-02-16 21:30:00,102.34544165,102.36197031,99.41986944,100.54381809,858447.26193605
2022-02-17 21:30:00,99.62647764,100.24630227,98.46947168,98.92400974,1044369.20796881
2022-02-18 21:30:00,98.92400974,99.74217824,98.13476639,98.8826881,953012.72106677
2022-02-22 21:30:00,98.90748108,99.93225779,98.0645196,98.78351616,867517.56956278
2022-02-23 21:30:00,99.28764018,99.31243317,96.91577796,97.11412184,854703.46100261
2022-02-24 21:30:00,94.91581051,98.8248378,94.30425022,98.68434422,766461.56479309
2022-02-25 21:30:00,98.67607989,101.97354688,98.15542721,101.81652464,833091.29924688
2022-02-28 21:30:00,100.43638182,101.84958196,99.35375481,101.65123808,1178941.54824446
2022-03-01 21:30:00,101.66776673,102.69254344,100.55208241,101.65950241,1104202.26180103
2022-03-02 21:30:00,102.328913,105.01895186,102.29593833,104.55201731,960681.82588776
2022-03-03 21:30:00,105.41150745,106.18835431,104.35367343,105.64290865,745626.23568095
2022-03-04 21:30:00,104.62639627,105.89910282,104.17185821,105.75034491,717986.96582907
2022-03-07 21:30:00,105.95695312,105.95695312,101.50248017,101.53553748,980199.44355306
2022-03-08 21:30:00,101.52727315,103.11823899,100.10580869,100.47770346,1547365.92465456
2022-03-09 21:30:00,101.87437494,105.13878462,101.87437494,103.82475642,720180.73153442
2022-03-10 21:30:00,102.26279837,103.18840314,101.66776673,102.99005926,1154522.1407985
2022-03-11 21:30:00,103.75864179,104.66771791,102.62642882,103.32889672,774010.87766437
2022-03-14 20:30:00,104.33714477,106.38669819,103.89087105,104.82474014,989252.81090407
2022-03-15 20:30:00,105.78340223,109.86598041,105.52266267,108.43625161,1667276.4562972
2022-03-16 20:30:00,109.13871952,113.19237255,109.09739787,112.13040636,1797123.66966751
2022-03-17 20:30:00,111.18000861,114.14690247,110.90323625,114.07252351,1057165.16623357
2022-03-18 20:30:00,115.33696574,116.75843021,113.79980068,116.70884424,2346195.51626393
2022-03-21 20:30:00,116.50223603,117.35346185,115.22952947,115.60968857,1085109.36104835
2022-03-22 20:30:00,115.45266634,116.67958852,114.12210948,114.28739605,653235.18194047
2022-03-23 20:30:00,113.79980068,113.79980068,111.89900517,112.13867069,955070.96456637
2022-03-24 20:30:00,112.20478532,114.70887679,111.97338412,114.56011888,454148.22163626
2022-03-25 20:30:00,114.89895634,114.89895634,112.91138538,113.94855859,521560.83883212
2022-03-28 20:30:00,113.6593071,114.7419341,113.26261934,114.50226858,442530.82255353
2022-03-29 20:30:00,115.70059619,116.1716629,114.12210948,114.66755515,516268.21269027
2022-03-30 20:30:00,114.63449784,116.03116932,114.46507911,115.32043708,517326.97992258
2022-03-31 20:30:00,115.26258679,116.14686991,113.8659153,113.89070829,754679.60303196
2022-04-01 20:30:00,114.13863814,115.51051663,113.90723694,115.3534944,592165.48798092
2022-04-04 20:30:00,115.76671081,116.3328173,114.37830366,115.63448156,578149.82986454
2022-04-05 20:30:00,115.70886051,117.25842207,115.03944992,115.57663126,826087.70525762
2022-04-06 20:30:00,114.63449784,117.32040453,114.11863846,116.53529334,940538.62804063
2022-04-07 20:30:00,115.85761842,119.64268078,115.6758032,118.69228303,1284201.16143134
2022-04-08 20:30:00,118.99806318,120.02283989,118.27080229,118.6261684,1160690.82119885
2022-04-11 20:30:00,118.73360467,119.62615213,117.5435414,117.9237005,914973.33194438
2022-04-12 20:30:00,117.94849348,118.65096139,115.45266634,115.94026171,823757.20732685
2022-04-13 20:30:00,115.90720439,118.55178945,115.90720439,118.54352512,614556.90241963
2022-04-14 20:30:00,119.16334974,120.47737794,118.8575696,119.55177317,788464.56291
2022-04-18 20:30:00,118.88236258,119.56830183,118.22121632,119.11376377,534309.6063288
2022-04-19 20:30:00,119.22946437,121.99801435,118.67575437,121.77487749,816745.14319973
2022-04-20 20:30:00,122.86576882,124.06822859,121.52694764,121.82446346,1073058.77491514
2022-04-21 20:30:00,123.20460628,124.22938299,121.62198741,122.44428808,763470.39610935
2022-04-22 20:30:00,122.05586465,122.05586465,117.32866886,117.51874841,844551.39576939
2022-04-25 20:30:00,117.24602558,117.24602558,113.69649657,115.98984768,1076412.94950709
2022-04-26 20:30:00,115.4113447,116.68405125,113.88244396,113.90723694,676725.29426139
2022-04-27 20:30:00,115.34523007,116.95677409,114.75019843,116.91545245,857822.89177391
2022-04-28 20:30:00,117.52701274,118.17989468,115.7915038,117.44436946,706347.78639184
2022-04-29 20:30:00,117.03941737,117.91543617,114.07252351,114.50226858,917063.03595604
2022-05-02 20:30:00,114.75019843,115.57663126,111.49405308,113.91550127,1303306.16238096
2022-05-03 20:30:00,114.26260306,115.15515052,111.72545427,114.54359022,1598755.46106158
2022-05-04 20:30:00,114.7419341,118.11378005,113.13452225,117.70882796,1058597.82955135
2022-05-05 20:30:00,116.31215648,117.08900334,112.89898889,113.69236441,1049999.42960531
2022-05-06 20:30:00,113.40311292,114.23781008,110.74199921,113.89070829,835521.01879257
2022-05-09 20:30:00,112.35354322,112.52709412,107.13048774,107.65114042,996123.30272698
2022-05-10 20:30:00,109.03128325,110.27093249,105.87430984,107.56849714,862561.32889588
2022-05-11 20:30:00,107.18007371,110.79158518,106.78338595,108.03956385,842799.28725238
2022-05-12 20:30:00,107.50238251,108.65938847,105.41977178,107.60981878,805675.88303841
2022-05-13 20:30:00,108.65112415,110.5932413,108.65112415,109.981681,491445.86868618
2022-05-16 20:30:00,109.86598041,111.15108346,108.6676528,110.535391,589225.14012434
2022-05-17 20:30:00,112.171728,112.9898965,111.39488114,112.61800173,689129.20614527
2022-05-18 20:30:00,111.88247651,112.51056546,109.08086922,109.25442011,920429.31074493
2022-05-19 20:30:00,107.79989833,111.69239696,107.10900049,110.55191966,919737.17947993
2022-05-20 20:30:00,111.36182383,112.3857741,109.2213628,112.3452789,794888.5574658
2022-05-23 20:30:00,113.58492814,114.03120187,112.26263561,113.34526262,764058.46568067
2022-05-24 20:30:00,112.85766725,113.47749187,110.60150563,113.36179128,641275.34728432
2022-05-25 20:30:00,112.64279472,114.00508659,112.05602741,113.4857562,408687.78173017
2022-05-26 20:30:00,114.57664754,115.83282544,113.73368605,113.95682291,780670.82606051
2022-05-27 20:30:00,115.08903589,115.76671081,114.30805687,115.75018216,1214927.53394601
2022-05-31 20:30:00,115.37828738,116.44025357,114.42788963,115.77497514,1171032.85952404
2022-06-01 20:30:00,115.64274589,116.37827111,113.67996792,114.75846276,476572.30660671
2022-06-02 20:30:00,115.30390843,116.02290499,113.88244396,115.92373305,676709.56400537
2022-06-03 20:30:00,114.59317619,115.11382888,112.70064501,114.15516679,918948.24663939
2022-06-06 20:30:00,115.07250723,115.07250723,112.2295783,112.27089994,734558.18553932
2022-06-07 20:30:00,110.94860741,113.93202993,110.4775407,113.80806501,611399.9610378
2022-06-08 20:30:00,112.21304964,112.61800173,109.46102832,110.22134652,712318.02356237
2022-06-09 20:30:00,110.16349623,110.31225413,109.00649026,109.08086922,659553.90478289
2022-06-10 20:30:00,107.02305147,107.57676147,105.73381626,106.62636371,546810.31978821
2022-06-13 20:30:00,104.32061612,105.38671447,102.81650837,103.87434239,577973.16698921
2022-06-14 20:30:00,103.95698567,104.48590268,101.68429539,102.74212941,680661.48832619
2022-06-15 20:30:00,103.85781373,104.29582313,101.51900882,103.03964523,553165.34322145
2022-06-16 20:30:00,101.13058539,101.13058539,97.88270437,98.46120735,887568.80591316
2022-06-17 20:30:00,98.27939213,99.29590451,97.46948796,98.08931258,1269181.18696889
2022-06-21 20:30:00,99.56862735,101.43636554,98.49426467,100.72563331,602178.40094932
2022-06-22 20:30:00,99.29590451,101.37851524,99.29590451,100.59340406,733008.15031122
2022-06-23 20:30:00,100.50249644,101.13058539,99.18846824,101.05620644,629408.6841446
2022-06-24 20:30:00,101.99833987,103.79169911,101.62644509,103.65120553,1387838.13820847
2022-06-27 20:30:00,104.44458104,105.24622089,102.89088732,104.44458104,466322.22977827
2022-06-28 20:30:00,104.85779746,105.81645954,102.79171538,102.98179493,421654.35277179
2022-06-29 20:30:00,103.1470815,103.51071194,101.54380181,102.77518673,430305.99358437
2022-06-30 20:30:00,101.19670002,105.30407119,101.16364271,105.06440566,940792.73217638
2022-07-01 20:30:00,104.46937403,105.46935775,102.42808494,104.4611097,708742.4153664
2022-07-05 20:30:00,102.71733643,102.71733643,99.7587069,102.56857852,651363.28147375
2022-07-06 20:30:00,103.0892312,104.13466873,101.775203,103.55203359,439422.28195947
2022-07-07 20:30:00,104.14706522,105.09333081,104.14706522,104.84953313,406750.54019997
2022-07-08 20:30:00,104.47763836,104.70077522,103.41154001,104.20491552,351488.94077193
2022-07-11 20:30:00,103.48591896,104.5768103,103.48591896,104.12227224,258740.93122171
2022-07-12 20:30:00,103.56029791,105.0148197,102.87435867,103.36195404,450873.90834412
2022-07-13 20:30:00,101.86611061,103.76690612,101.86611061,103.09749553,374482.94501829
2022-07-14 20:30:00,101.21322868,102.89501949,100.64299002,102.50246389,501337.77968518
2022-07-15 20:30:00,103.94045702,104.14706522,102.53965337,103.67599851,384863.70397369
2022-07-18 20:30:00,104.0809506,104.49416701,103.09749553,103.35368971,535344.17316723
2022-07-19 20:30:00,104.14706522,106.77512162,103.75864179,106.35364088,608152.26817893
2022-07-20 20:30:00,106.70074267,106.9734655,105.52720805,105.96521745,400229.74406864
2022-07-21 20:30:00,105.75034491,106.62636371,104.85779746,106.62636371,413852.14578445
2022-07-22 20:30:00,107.21313102,107.64287609,106.06852155,107.03958013,629372.38355378
2022-07-25 20:30:00,106.9156152,108.11394281,106.45281282,107.57676147,288838.96109193
2022-07-26 20:30:00,107.63461177,108.28336154,107.53543983,108.09741415,317113.49128319
2022-07-27 20:30:00,108.68418146,110.06432429,108.11394281,109.57672892,404986.33148602
2022-07-28 20:30:00,110.08911727,112.70890934,109.66350436,112.18825666,552259.03847059
2022-07-29 20:30:00,112.68411636,114.08905217,111.81594867,113.46922754,946904.54165112
2022-08-01 20:30:00,109.72548683,109.8783769,105.2214279,107.03958013,1405322.92278774
2022-08-02 20:30:00,106.51066312,107.74204803,104.36193776,105.60985133,717415.83653347
2022-08-03 20:30:00,106.49413446,106.63371897,104.94870507,105.53547238,682747.56227876
2022-08-04 20:30:00,105.02308402,106.76272513,104.48590268,106.43628416,563865.54737608
2022-08-05 20:30:00,105.50241506,106.18835431,104.99829104,105.37018581,607683.99055733
2022-08-08 20:30:00,106.14703267,106.76685729,103.4693903,104.04789328,774264.98180012
2022-08-09 20:30:00,104.19665119,104.19665119,102.29585568,102.31238434,527347.15300914
2022-08-10 20:30:00,104.11400791,105.25448522,103.65946985,105.20489925,588424.10708686
2022-08-11 20:30:00,105.82472387,107.19660237,105.82472387,106.28752625,343507.65086987
2022-08-12 20:30:00,106.61809939,109.9238307,106.61809939,109.91556638,594187.4308897
2022-08-15 20:30:00,109.20483414,110.39489742,108.74203176,110.32878279,536053.24470795
2022-08-16 20:30:00,109.86598041,110.92381443,109.6015219,110.9155501,498623.70551138
2022-08-17 20:30:00,110.20481787,111.32876652,109.68003302,111.2957092,463900.98037044
2022-08-18 20:30:00,111.56843204,111.71718995,110.67588458,111.65933965,485284.44840399
2022-08-19 20:30:00,111.12215831,112.61800173,110.54365533,112.32875024,671347.96674096
2022-08-22 20:30:00,111.02298637,111.02298637,108.84946803,108.95690429,678425.37193156
2022-08-23 20:30:00,108.70071012,109.41970668,107.79989833,108.27922937,395030.28944324
2022-08-24 20:30:00,107.63461177,109.00649026,107.61808311,108.69244579,301259.81325152
2022-08-25 20:30:00,109.39491369,110.52712667,109.03541541,110.4775407,415158.96705404
2022-08-26 20:30:00,110.52712667,110.52712667,105.31233551,105.41977178,896879.907459
2022-08-29 20:30:00,105.37845014,106.65942103,103.12228851,106.00653909,402217.80642599
2022-08-30 20:30:00,105.78340223,106.12637185,102.72973292,102.84130135,747435.21512358
2022-08-31 20:30:00,103.34542538,103.87434239,102.37023464,102.95700195,871204.4995706
2022-09-01 20:30:00,102.17189076,102.60990016,100.22150928,101.94048957,577060.81213988
2022-09-02 20:30:00,103.25451777,103.25451777,97.91576169,98.18022019,955023.7737983
2022-09-06 20:30:00,97.8909687,99.18846824,96.6347908,99.09756063,735828.70621809
2022-09-07 20:30:00,98.79178049,102.22974106,98.51079332,101.86611061,498444.62259666
2022-09-08 20:30:00,101.59338778,102.26279837,101.10579241,101.88263927,385961.19183621
2022-09-09 20:30:00,102.40329195,103.46112597,102.24213755,103.33716105,354624.10179926
2022-09-12 20:30:00,103.43633299,104.7255682,102.40329195,102.84956568,378166.24496703
2022-09-13 20:30:00,101.26281465,101.58512345,98.34550676,99.11408929,377906.0907328
2022-09-14 20:30:00,98.80830914,100.44464615,97.96534766,98.91574541,721048.31565506
2022-09-15 20:30:00,98.37856407,98.79178049,97.48601661,98.70087287,570738.45923838
2022-09-16 20:30:00,97.61824587,97.61824587,95.70918603,96.91577796,1296945.08884925
2022-09-19 20:30:00,96.18025274,99.80002854,96.18025274,99.60994899,502806.74359377
2022-09-20 20:30:00,98.65955123,98.95293489,97.33725871,98.502529,568654.8053252
2022-09-21 20:30:00,99.1471466,100.10580869,96.12240245,96.1389311,486849.00386842
2022-09-22 20:30:00,95.84141528,96.71743408,94.51085843,95.99843752,477942.04890039
2022-09-23 20:30:00,94.83316723,95.51084215,92.89931441,94.13896365,474740.33678989
2022-09-26 20:30:00,93.8910338,94.3868935,91.38281017,92.39519038,836616.0866157
2022-09-27 20:30:00,93.37864545,93.80839052,89.66796204,90.32084398,1077878.28335661
2022-09-28 20:30:00,90.99025457,91.86627337,90.08944279,91.29603472,936116.00605882
2022-09-29 20:30:00,90.37869428,90.75885338,89.05640175,89.91589189,786507.96106469
2022-09-30 20:30:00,89.80845563,91.85800904,89.46135384,89.65969772,847333.23104605
2022-10-03 20:30:00,91.0563692,93.54277501,90.09770712,92.70097053,805217.28557435
2022-10-04 20:30:00,94.04805604,97.25874759,93.58525366,96.02323051,727566.691747
2022-10-05 20:30:00,94.89928186,95.50257782,94.0645847,94.61003037,539735.334637
2022-10-06 20:30:00,94.14722798,95.03977544,93.42823142,94.03152739,576818.80820107
2022-10-07 20:30:00,93.3042665,93.47368523,92.2546968,92.88278575,441942.75298221
2022-10-10 20:30:00,93.43649575,94.51912276,92.78361381,93.31253082,423094.27620773
2022-10-11 20:30:00,93.40343844,94.27532507,91.94891665,92.52741964,631430.62705339
2022-10-12 20:30:00,92.72576351,92.72576351,90.46960189,90.5605095,900725.35004675
2022-10-13 20:30:00,88.87458653,92.93237172,88.24649758,92.29601844,886370.88641603
2022-10-14 20:30:00,92.99848635,93.47781739,90.49439487,90.99025457,598709.27448643
2022-10-17 20:30:00,92.30428277,93.93235545,92.13825242,93.60178231,548222.41277119
2022-10-18 20:30:00,95.86620827,96.74222707,95.18026902,95.69265737,466692.49580465
2022-10-19 20:30:00,94.94886783,96.18851707,93.9488841,94.33730753,548756.03145627
2022-10-20 20:30:00,94.59350171,95.09762574,92.74642434,93.40343844,638857.72793557
2022-10-21 20:30:00,93.17203724,95.40340588,92.70510269,95.05630409,788064.04639126
2022-10-24 20:30:00,94.4447438,95.70918603,91.25471308,91.61007919,1379786.66716415
2022-10-25 20:30:00,91.4943786,93.08939396,91.13488032,93.04807232,1428172.9346905
2022-10-26 20:30:00,94.02326306,95.45299185,92.95716471,93.82491918,949807.37889718
2022-10-27 20:30:00,93.92409112,95.92405857,93.92409112,94.35383619,814322.68377221
2022-10-28 20:30:00,94.5604444,96.97362826,93.83318351,96.71743408,482427.5919063
2022-10-31 20:30:00,95.99017319,96.47776856,95.03977544,95.22159066,601758.52411548
2022-11-01 20:30:00,96.10587379,96.26289603,93.94061977,94.61003037,681806.16695678
2022-11-02 20:30:00,94.36210052,96.28768901,93.3042665,93.48608172,1028118.6434775
2022-11-03 20:30:00,92.56047695,95.83728312,92.22990382,95.02324678,510166.08337309
2022-11-04 20:30:00,96.50256155,97.60998154,95.41993454,97.53560258,494848.4440659
2022-11-07 21:30:00,98.03146228,98.73393019,97.1885008,98.2711278,529309.80495292
2022-11-08 21:30:00,98.74219452,99.43639809,97.27940841,98.6512869,427388.63610197
2022-11-09 21:30:00,98.17195586,98.77111967,96.56041185,96.68437677,356054.34507765
2022-11-10 21:30:00,100.05622272,104.06442194,99.53143787,103.89087105,719740.28436578
2022-11-11 21:30:00,104.29582313,105.20489925,103.21732829,103.89913537,770074.68359957
2022-11-14 21:30:00,103.15534583,105.47762208,102.50246389,102.54378553,578174.03025842
2022-11-15 21:30:00,104.04789328,105.28754253,102.97022487,103.13881717,836157.48915164
2022-11-16 21:30:00,103.09749553,103.46112597,101.57685912,103.2049318,456758.23411636
2022-11-17 21:30:00,102.1553621,103.35782187,101.3950439,102.69254344,773350.20691141
2022-11-18 21:30:00,104.0231003,104.27929448,102.1553621,104.16359388,824317.4464452
2022-11-21 21:30:00,105.99001043,107.43626789,99.18020392,101.08926375,1268329.33310426
2022-11-22 21:30:00,102.33717733,103.48591896,101.55413222,102.06445449,1017787.49532955
2022-11-23 21:30:00,101.87437494,103.29583941,101.27107898,101.40330823,511026.40737557
2022-11-25 21:30:00,101.79999599,102.89915165,101.41157256,102.16362643,275172.99866714
2022-11-28 21:30:00,101.40330823,101.97354688,100.22150928,100.6347257,606471.55082387
2022-11-29 21:30:00,100.5768754,101.50248017,99.99837242,101.46115853,506845.78933257
2022-11-30 21:30:00,101.47768718,104.59333895,100.30415256,104.5768103,1443506.30425371
2022-12-01 21:30:00,104.84953313,105.52514197,102.62642882,102.92394464,642844.74282752
2022-12-02 21:30:00,102.04792584,104.18838687,101.81652464,103.37848269,891715.54340473
2022-12-05 21:30:00,102.30412001,102.56857852,99.83308585,100.72563331,594944.90321819
2022-12-06 21:30:00,100.52728943,101.11405674,99.77523555,100.73389764,433730.34931858
2022-12-07 21:30:00,100.45291047,102.36197031,100.03969406,101.41983689,415592.15410452
2022-12-08 21:30:00,101.94048957,102.5933715,100.37853152,100.86612689,444765.72892847
2022-12-09 21:30:00,101.00662047,101.69255972,100.22977361,100.29588824,437489.88050804
2022-12-12 21:30:00,99.84961451,100.85786256,99.48284362,100.13060167,561120.01269024
2022-12-13 21:30:00,102.97353061,103.71732015,100.69257599,101.4528942,543704.19923354
2022-12-14 21:30:00,101.48595151,103.22146045,100.91571286,101.29587196,508426.07505302
2022-12-15 21:30:00,99.87440749,99.87440749,97.35378736,98.83310213,583046.77956643
2022-12-16 21:30:00,97.92402601,99.10582496,97.53560258,98.40335706,1283669.96278564
2022-12-19 21:30:00,98.54385064,99.7420956,97.52733826,97.948819,612744.29291791
2022-12-20 21:30:00,98.0066693,98.8021109,97.68436049,97.70088915,476846.98107726
2022-12-21 21:30:00,98.72566586,100.60166838,98.059561,100.24630227,567449.62570991
2022-12-22 21:30:00,99.7008566,99.94052212,97.4529593,99.07276765,322580.36026098
2022-12-23 21:30:00,99.06450332,99.90746481,98.84963078,99.88267182,279601.67074742
2022-12-27 21:30:00,100.16365898,100.35373853,99.34549048,100.10580869,224088.38722302
2022-12-28 21:30:00,100.18018764,101.2793433,98.46947168,98.51079332,223004.20957714
2022-12-29 21:30:00,99.33722615,100.44464615,98.37856407,100.10580869,284129.56444262
2022-12-30 21:30:00,99.54383436,99.54383436,98.05625527,99.22978989,273514.06166657
2023-01-03 21:30:00,99.59342033,100.34547421,98.51905765,100.23803794,546617.92665685
2023-01-04 21:30:00,100.97356316,104.31235179,100.5768754,104.1388009,951520.76678398
2023-01-05 21:30:00,103.47765463,103.93219269,101.98181121,102.1553621,776127.20210929
2023-01-06 21:30:00,104.4611097,107.02305147,104.10574358,106.20488297,514851.27962851
2023-01-09 21:30:00,106.5354561,107.01478714,103.87434239,103.94872134,660270.23644178
2023-01-10 21:30:00,103.31236807,105.37845014,102.54378553,105.37018581,700746.60522801
2023-01-11 21:30:00,106.22141163,107.30403863,105.51943958,105.78340223,666071.07085513
2023-01-12 21:30:00,106.2131473,106.44454849,105.47762208,105.63464432,551159.13056869
2023-01-13 21:30:00,103.53550493,104.59102494,103.23798911,104.1388009,598203.48625431
2023-01-17 21:30:00,104.08921493,104.9569694,102.3867633,102.84956568,553752.20277307
2023-01-18 21:30:00,102.89088732,103.94458918,100.36613503,100.81654092,659031.17627505
2023-01-19 21:30:00,100.22150928,100.32894555,97.85791139,98.05625527,588414.42692931
2023-01-20 21:30:00,98.65955123,99.59342033,97.70502131,99.22152556,814225.88219668
2023-01-23 21:30:00,99.80829287,100.37026719,98.89921675,99.7587069,939875.53724828
2023-01-24 21:30:00,99.91572913,100.87439122,98.83310213,100.28762391,736591.01862535
2023-01-25 21:30:00,99.30416884,101.62644509,98.22154183,100.74216196,1022656.61457848
2023-01-26 21:30:00,101.84958196,102.06445449,99.9653151,101.41983689,760660.73037973
2023-01-27 21:30:00,101.0148848,101.66776673,100.39919234,100.75042629,450099.49573991
2023-01-30 21:30:00,100.16365898,101.50248017,99.97357943,99.99837242,511650.77753771
2023-01-31 21:30:00,100.20498063,102.20494807,99.62647764,102.10577613,556139.57162946
2023-02-01 21:30:00,102.00660419,103.95698567,101.28421926,103.43633299,1993984.19373464
2023-02-02 21:30:00,103.87434239,104.12227224,102.3867633,103.63467687,1136017.30961713
2023-02-03 21:30:00,103.30410374,104.14706522,102.63469315,103.75864179,1887068.06358658
2023-02-06 21:30:00,103.79996344,104.17185821,102.97353061,103.23798911,1315049.40351188
2023-02-07 21:30:00,103.24625344,105.19250275,97.84964706,101.29587196,1472256.37218474
2023-02-08 21:30:00,100.48596779,101.37438308,99.46119108,100.32894555,869059.13465302
2023-02-09 21:30:00,101.10579241,101.54380181,99.99837242,100.70084032,482895.8695279
2023-02-10 21:30:00,100.11407301,100.72563331,99.35375481,100.5768754,651509.69385673
2023-02-13 21:30:00,101.17190704,101.62644509,100.75455846,101.3950439,534337.43678177
2023-02-14 21:30:00,101.03967778,101.65950241,99.60168466,101.25455032,583798.20179645
2023-02-15 21:30:00,100.77521928,101.70908838,100.37026719,101.46942285,441674.12861013
2023-02-16 21:30:00,100.27109525,101.73388136,99.83308585,101.2793433,560462.97199637
2023-02-17 21:30:00,101.47768718,101.54380181,100.4611748,100.73389764,660678.01307868
2023-02-21 21:30:00,100.20498063,100.75042629,98.22980616,98.34550676,905037.8602364
2023-02-22 21:30:00,98.87442377,99.71325309,98.42815004,99.06450332,869524.99223523
2023-02-23 21:30:00,99.46119108,100.94877017,98.36203541,99.15541093,682360.35597666
2023-02-24 21:30:00,100.67604734,100.94877017,98.52318982,99.87440749,927765.66015006
2023-02-27 21:30:00,100.69257599,101.18843569,100.07275137,100.29588824,584020.84542015
2023-02-28 21:30:00,99.75044257,100.997695,98.69260855,98.75872317,1150062.00820617
2023-03-01 21:30:00,98.45294303,99.07276765,98.04799094,98.6512869,785631.90680619
2023-03-02 21:30:00,98.34550676,100.29836753,98.20501318,100.10580869,1626635.52483257
2023-03-03 21:30:00,101.05620644,102.29585568,100.24630227,101.95701822,1107500.77548706
2023-03-06 21:30:00,101.95701822,102.11404046,100.75042629,100.93224152,630072.98495665
2023-03-07 21:30:00,100.94877017,101.20496435,100.04795839,100.08928003,733277.984703
2023-03-08 21:30:00,100.06448704,100.45291047,99.5273057,100.06448704,725226.51365868
2023-03-09 21:30:00,100.51076077,100.51076077,97.28767274,97.47775229,1119321.4578784
2023-03-10 21:30:00,97.15544348,97.44882714,94.97366081,95.13068305,1083480.67454014
2023-03-13 20:30:00,94.0645847,96.84139901,93.61831097,96.0810808,1146840.93578056
2023-03-14 20:30:00,97.68436049,98.39509273,97.11412184,98.07278392,1015091.57145117
2023-03-15 20:30:00,96.50256155,96.56454401,93.9488841,95.37034857,851234.33453972
2023-03-16 20:30:00,94.70920231,97.52733826,93.63483963,97.02321423,1135493.3710896
2023-03-17 20:30:00,96.82487035,96.82487035,93.09765829,93.43649575,1393774.49482757
2023-03-20 20:30:00,93.96541276,94.84143156,93.20509456,94.23813559,843939.12580419
2023-03-21 20:30:00,95.2629123,95.78356499,94.51085843,94.94886783,538495.06445058
2023-03-22 20:30:00,94.9984538,95.37034857,93.3042665,93.32905948,720642.95905755
2023-03-23 20:30:00,93.23815187,94.41995082,91.90759501,92.29601844,681768.65634626
2023-03-24 20:30:00,91.61834352,92.89931441,90.63488845,92.84146411,417264.40132172
2023-03-27 20:30:00,93.33732381,94.57697305,93.01914717,94.25466425,729808.85824011
2023-03-28 20:30:00,94.07284903,95.51084215,93.55219634,94.39515783,393193.47954764
2023-03-29 20:30:00,94.97366081,95.68439305,94.48606544,95.62654275,448680.14263877
2023-03-30 20:30:00,96.38686095,96.61991501,95.69265737,95.99843752,403871.90334778
2023-03-31 20:30:00,96.6347908,97.22155811,96.25471434,97.11412184,476929.26241646
2023-04-03 20:30:00,96.98189259,97.70088915,96.29595334,97.20502945,497788.79192248
2023-04-04 20:30:00,97.22982244,97.24635109,93.568725,93.83318351,597623.88682085
2023-04-05 20:30:00,93.39517411,93.6689713,92.62659157,92.89105008,652491.01982862
2023-04-06 20:30:00,93.04807232,93.40343844,92.57700561,93.36211679,592961.68093961
2023-04-10 20:30:00,92.81667113,94.122435,92.66791322,94.11417067,559250.53226291
2023-04-11 20:30:00,94.41995082,94.85167933,93.80839052,94.08937768,600057.23642562
2023-04-12 20:30:00,94.43647947,95.3207626,94.14722798,94.5025941,773540.18000338
2023-04-13 20:30:00,94.89101753,96.33727498,94.01499873,95.76703633,564011.95975906
2023-04-14 20:30:00,95.63480708,96.43446348,94.58110522,95.04803977,506340.00110045
2023-04-17 20:30:00,95.23811932,95.80339937,94.78358126,95.63480708,474207.9281245
2023-04-18 20:30:00,95.94058722,96.30975477,94.9860573,95.48604917,376625.88989648
2023-04-19 20:30:00,95.03977544,95.6554679,94.69267365,95.03977544,360618.53936367
2023-04-20 20:30:00,94.47780111,96.08934513,94.47780111,95.46952051,323071.62825677
2023-04-21 20:30:00,95.80835797,95.84967961,94.35796835,94.83316723,337907.67972573
2023-04-24 20:30:00,94.9984538,95.22985499,94.07284903,94.63482335,538557.98547467
2023-04-25 20:30:00,94.13896365,94.61003037,93.64310396,93.99020574,394334.52811915
2023-04-26 20:30:00,93.1885659,94.16375664,92.77534948,93.10592262,745887.59993487
2023-04-27 20:30:00,93.23815187,95.62654275,93.23815187,95.46125618,464809.70516069
2023-04-28 20:30:00,95.46125618,96.27116035,94.84143156,95.41993454,739853.23172056
2023-05-01 20:30:00,95.41167021,96.58520483,95.41167021,96.17198842,598971.84876004
2023-05-02 20:30:00,95.51910648,95.62654275,93.08939396,94.5604444,515254.21618664
2023-05-03 20:30:00,95.22159066,97.04800721,94.46127246,95.25464797,483914.70611031
2023-05-04 20:30:00,95.07283275,95.85794394,93.78359754,95.28770529,859236.19477658
2023-05-05 20:30:00,95.95711588,98.84136646,95.95711588,98.45294303,842174.91709024
2023-05-08 20:30:00,98.55211497,99.02318168,96.93230662,96.93230662,863923.8110714
2023-05-09 20:30:00,95.94058722,102.13048648,95.48604917,98.14716288,2440481.46084532
2023-05-10 20:30:00,98.79178049,98.79178049,93.59351799,94.73399529,1511744.15488092
2023-05-11 20:30:00,94.36210052,96.58520483,94.21334261,96.05628782,832401.58802126
2023-05-12 20:30:00,96.73396274,97.04800721,94.37862917,95.15547603,696999.17423548
2023-05-15 20:30:00,95.205062,95.45299185,94.0645847,94.22160694,624603.69593946
2023-05-16 20:30:00,93.98194142,94.59350171,93.25468053,93.80839052,751258.87735683
2023-05-17 20:30:00,94.21334261,95.70918603,93.96541276,95.61827842,771151.60112729
2023-05-18 20:30:00,95.36208424,96.41165394,94.49432977,96.26289603,976410.87189094
2023-05-19 20:30:00,96.9570996,97.30420139,95.72984685,96.6347908,614120.08531007
2023-05-22 20:30:00,96.50256155,97.10172535,96.1389311,96.74222707,414459.57567087
2023-05-23 20:30:00,96.55214752,97.34552303,95.74224334,95.86620827,858506.55290106
2023-05-24 20:30:00,95.62654275,95.96538021,94.66788066,94.70920231,494164.78293875
2023-05-25 20:30:00,93.83318351,94.18441746,92.84972844,93.3042665,811031.43020435
2023-05-26 20:30:00,93.37864545,94.5480479,93.33732381,94.22160694,679566.42050306
2023-05-30 20:30:00,94.41995082,94.63069119,93.28773784,93.50261037,536988.58993147
2023-05-31 20:30:00,93.03154366,93.19683023,90.08117846,90.57703816,1171475.72673207
2023-06-01 20:30:00,90.95719726,92.02734513,90.34563696,91.58528621,913100.22145797
2023-06-02 20:30:00,92.51089098,95.46538835,92.51089098,95.03151111,1172632.5055596
2023-06-05 20:30:00,95.42819887,95.58522111,93.55219634,94.46953679,667243.57993869
2023-06-06 20:30:00,94.32077888,96.33727498,94.31251455,96.17198842,936148.67659056
2023-06-07 20:30:00,96.2546317,97.37362175,95.51084215,95.89926558,1183394.42071863
2023-06-08 20:30:00,96.07281648,96.46537207,94.80837425,96.41991826,936341.06972191
2023-06-09 20:30:00,96.51082588,96.51082588,95.04803977,96.05628782,700353.34882744
2023-06-12 20:30:00,96.18851707,96.22570655,95.23811932,95.89926558,877823.30729714
2023-06-13 20:30:00,96.38686095,96.99842125,95.78356499,96.38686095,1093053.1403399
2023-06-14 20:30:00,96.37859662,96.75875572,94.90754619,95.27944096,964864.86397015
2023-06-15 20:30:00,95.12241872,96.13066677,95.12241872,96.05628782,1653001.85396629
2023-06-16 20:30:00,96.55214752,97.03147856,96.13066677,96.33727498,1541510.63935497
2023-06-20 20:30:00,95.68439305,96.07281648,94.34557186,95.45299185,1269447.39130158
2023-06-21 20:30:00,95.14721171,95.39514156,94.44887596,95.02324678,962293.57212026
2023-06-22 20:30:00,94.96539648,96.48190073,94.28772156,96.18025274,1030266.42843446
2023-06-23 20:30:00,95.67612872,95.67612872,94.46127246,94.62655902,935542.45672383
2023-06-26 20:30:00,94.56870873,95.47778484,94.52325492,95.10589006,539521.16115115
2023-06-27 20:30:00,95.55216379,96.52735453,94.9406035,96.18851707,668030.09273983
2023-06-28 20:30:00,96.29595334,96.6347908,95.50811492,96.12240245,444394.25288239
2023-06-29 20:30:00,95.86620827,97.85791139,95.86620827,97.73394646,461259.50737829
2023-06-30 20:30:00,98.34550676,98.99012437,97.58518855,98.25459915,1072333.97311839
2023-07-03 20:30:00,97.98187631,99.12235362,97.65956751,98.62649392,374924.60220662
2023-07-05 20:30:00,98.42815004,100.5190251,98.18848452,100.33720988,1232060.2027943
2023-07-06 20:30:00,99.66779929,100.34547421,98.97359571,100.14713033,1031488.54832547
2023-07-07 20:30:00,99.68432794,100.98595965,99.68432794,100.18845197,562480.07482638
2023-07-10 20:30:00,99.99837242,101.53553748,99.99837242,101.03141346,638243.03793098
2023-07-11 20:30:00,101.14711405,103.46112597,101.14711405,103.41154001,846661.67011584
2023-07-12 20:30:00,104.13053657,104.29582313,102.76279023,102.83303702,559031.51869828
2023-07-13 20:30:00,102.89088732,103.67599851,102.56031419,103.12228851,407943.61961832
2023-07-14 20:30:00,103.13881717,103.13881717,101.34545793,101.8330533,484107.09924166
2023-07-17 20:30:00,101.64297375,101.85387941,100.84959823,100.90744853,669636.99889355
2023-07-18 20:30:00,100.82480525,101.99007554,100.70910465,101.32892927,678314.0501197
2023-07-19 20:30:00,101.32892927,101.92809308,99.84135018,101.03141346,792893.23499028
2023-07-20 20:30:00,101.11405674,101.80826032,99.83308585,101.7173527,646037.98480016
2023-07-21 20:30:00,102.61816449,104.54375298,102.35783815,104.10574358,788500.86350082
2023-07-24 20:30:00,104.21317985,104.58507462,103.61814821,104.13053657,440472.57905392
2023-07-25 20:30:00,103.9073997,104.68424656,103.59335523,104.30408746,326060.37690112
2023-07-26 20:30:00,104.18012254,105.38671447,104.18012254,104.96523373,491018.73173417
2023-07-27 20:30:00,104.92391208,104.92391208,103.81235993,104.06442194,468843.9108207
2023-07-28 20:30:00,104.93217641,105.18010626,102.89923429,103.55203359,439476.7328457
2023-07-31 20:30:00,103.55203359,103.96525,103.15534583,103.6429412,421885.46653336
2023-08-01 20:30:00,103.67599851,104.75036119,103.54790142,104.58507462,770870.87655827
2023-08-02 20:30:00,104.2875588,105.73381626,103.99004299,105.35365716,840437.32880956
2023-08-03 20:30:00,105.28754253,106.04372857,104.72143604,105.32886417,615436.58673721
2023-08-04 20:30:00,105.55200103,106.27182403,104.64292492,105.14704895,810755.5457141
2023-08-07 20:30:00,105.42803611,106.34950872,105.37018581,106.18835431,1131241.36188465
2023-08-08 20:30:00,105.46935775,111.18000861,104.28342664,111.03951503,1351821.90201457
2023-08-09 20:30:00,111.0312507,113.59319247,110.41142607,112.70064501,967973.40456421
2023-08-10 20:30:00,113.51054919,113.53534217,111.89900517,112.97336785,698994.496711
2023-08-11 20:30:00,113.0477468,113.5436065,112.37007188,112.77502397,495826.1399787
2023-08-14 20:30:00,112.51882979,113.72542172,112.27668497,113.19650471,606041.99383248
2023-08-15 20:30:00,112.82460994,113.59319247,112.53122628,112.725438,580391.99635765
2023-08-16 20:30:00,112.37833621,113.18824038,111.52711039,111.7337186,368061.37050187
2023-08-17 20:30:00,112.10561338,112.30395725,109.89077339,109.91556638,435701.47140021
2023-08-18 20:30:00,109.18830549,110.92381443,109.18830549,110.37010443,523778.80493134
2023-08-21 20:30:00,110.60150563,112.56841576,110.60150563,112.52709412,903956.10262991
2023-08-22 20:30:00,112.43618651,112.93022805,111.82462621,112.71717367,791654.17482356
2023-08-23 20:30:00,113.01468949,113.09733277,111.7337186,112.51056546,392483.19798723
2023-08-24 20:30:00,112.50230113,112.725438,110.80811383,110.89902144,478745.50197725
2023-08-25 20:30:00,111.3535595,111.84842748,110.62629861,111.2378589,362426.3087866
2023-08-28 20:30:00,111.28744487,112.30395725,110.85356764,111.75024726,523950.6277279
2023-08-29 20:30:00,111.56843204,112.13040636,110.45274772,112.01470576,481274.44313785
2023-08-30 20:30:00,112.27089994,112.74552032,111.53537472,111.9072695,412610.66557833
2023-08-31 20:30:00,112.2295783,112.2295783,110.9734004,111.41967413,722413.21786997
2023-09-01 20:30:00,112.37007188,112.81634561,111.7915689,111.88247651,462023.02980525
2023-09-05 20:30:00,111.49405308,111.91966599,109.3246669,109.61805056,422995.05459282
2023-09-06 20:30:00,109.44449966,109.98994533,108.80401422,109.23789146,700019.38339187
2023-09-07 20:30:00,109.08913355,109.6015219,107.99824221,108.83293937,652009.43199038
2023-09-08 20:30:00,108.94863997,109.04781191,107.88254161,108.04782818,565779.7985321
2023-09-11 20:30:00,108.41972295,108.91558265,107.89907027,108.56021654,582317.13769091
2023-09-12 20:30:00,108.26270072,108.71723877,107.93212758,108.56848086,549878.92973236
2023-09-13 20:30:00,108.53542355,109.31227041,107.87427729,108.41145863,748284.64894881
2023-09-14 20:30:00,109.2213628,110.8576998,108.81227855,110.74199921,631293.89482796
2023-09-15 20:30:00,109.75854414,110.39489742,108.8412037,109.27094877,2119523.73699408
2023-09-18 20:30:00,109.78333712,110.79158518,109.37838504,110.0973816,504839.57667981
2023-09-19 20:30:00,110.00647399,110.43621906,108.65938847,109.34532772,383122.48563392
2023-09-20 20:30:00,109.7750728,111.15521562,109.53953944,110.05605996,432597.77088493
2023-09-21 20:30:00,110.73373488,111.60975368,108.27096504,108.36187266,885734.41605695
2023-09-22 20:30:00,108.60153818,110.50233369,107.8832854,109.27094877,1485774.71220686
2023-09-25 20:30:00,108.82467504,109.95688802,108.82467504,109.31227041,740822.4574955
2023-09-26 20:30:00,109.40317802,110.18002488,108.46930892,108.56021654,749603.57041535
2023-09-27 20:30:00,109.32053474,112.85766725,109.21309847,112.54362278,1664431.69999644
2023-09-28 20:30:00,112.85766725,113.89484045,112.00743316,112.32048591,1036337.0972396
2023-09-29 20:30:00,112.84113859,113.61798545,112.03123442,112.80808128,1217801.33071942
2023-10-02 20:30:00,112.47750815,114.0394662,110.45274772,111.03951503,1232824.93524095
2023-10-03 20:30:00,110.82464249,111.91553382,109.06434056,110.0395313,608004.64577625
2023-10-04 20:30:00,110.08911727,112.32875024,109.21309847,111.54363905,1313418.29696428
2023-10-05 20:30:00,111.2378589,112.3907327,110.51059801,111.06430801,751364.14907021
2023-10-06 20:30:00,110.71720622,114.04773053,110.18002488,113.71715739,880842.30643384
2023-10-09 20:30:00,113.38658426,116.29562782,113.38658426,115.76671081,758306.03205508
2023-10-10 20:30:00,115.90720439,116.12207693,115.04771425,115.06424291,747674.799023
2023-10-11 20:30:00,115.28737977,116.17992723,115.02705343,115.98984768,538314.77151617
2023-10-12 20:30:00,116.52702902,116.65925827,113.72542172,114.46921127,625324.86767713
2023-10-13 20:30:00,114.60144052,114.6840838,113.07253979,114.40309664,681406.86045774
2023-10-16 20:30:00,114.84937037,115.16341485,114.00640888,114.22954575,701919.11431156
2023-10-17 20:30:00,113.66757142,115.70059619,113.63451411,115.4113447,516853.8622222
2023-10-18 20:30:00,115.11382888,115.11382888,111.66760398,111.70892562,454503.96742632
2023-10-19 20:30:00,111.56843204,112.1262742,109.7172225,109.76680847,616744.6180265
2023-10-20 20:30:00,110.10564593,110.82464249,108.27096504,109.51061429,856186.94514753
2023-10-23 20:30:00,109.01475459,110.13457108,108.67591713,108.79988206,472334.81763809
2023-10-24 20:30:00,109.00649026,109.79160145,108.33707967,109.41144235,646674.45515924
2023-10-25 20:30:00,109.3370634,110.89902144,109.3370634,109.75027981,663150.08331366
2023-10-26 20:30:00,109.82465877,111.11802614,109.20070198,109.97341667,959343.54410612
2023-10-27 20:30:00,109.51061429,110.40316175,107.73684151,108.37840131,514052.66663043
2023-10-30 20:30:00,108.84946803,108.91599587,107.61808311,108.42798728,358440.50391435
2023-10-31 20:30:00,108.65938847,110.28746115,108.36187266,110.16349623,771129.8207728
2023-11-01 20:30:00,110.16349623,110.35357578,105.89083849,107.56849714,1057171.21633204
2023-11-02 20:30:00,108.29575803,110.84117115,107.85774863,110.65935592,624584.33562436
2023-11-03 20:30:00,111.64281099,111.89074084,110.39489742,110.71720622,528646.71416057
2023-11-06 21:30:00,110.80811383,110.80811383,109.09739787,110.39489742,576060.12585289
2023-11-07 21:30:00,110.10564593,110.60563779,109.32053474,110.22961085,458734.19627678
2023-11-08 21:30:00,110.4775407,110.51886234,109.09739787,109.6015219,578780.25012515
2023-11-09 21:30:00,110.27919682,110.27919682,108.70897444,109.28747743,558297.03674399
2023-11-10 21:30:00,109.6593722,111.02298637,108.4031943,110.69241324,601579.44120076
2023-11-13 21:30:00,110.40316175,110.72133839,109.6593722,110.64282727,537318.92530795
2023-11-14 21:30:00,111.62628233,114.18822411,111.62628233,113.26261934,717010.47993596
2023-11-15 21:30:00,112.90725322,114.18822411,111.57669636,113.2212977,538635.42673509
2023-11-16 21:30:00,113.59319247,115.06424291,108.32055101,109.99820966,2123724.92537188
2023-11-17 21:30:00,110.79158518,111.87421218,109.79986578,111.83289054,1562313.29793536
2023-11-20 21:30:00,111.88247651,114.00640888,110.08498511,113.20476904,1119532.00130517
2023-11-21 21:30:00,109.08913355,109.37838504,103.29997157,103.37021836,3036304.8383614
2023-11-22 21:30:00,102.13056912,103.39501135,99.7587069,102.44461359,1964257.6399105
2023-11-24 21:30:00,102.90741598,102.94873762,101.59751994,101.95701822,641063.59383785
2023-11-27 21:30:00,101.46115853,102.02313285,100.82067308,101.16364271,1231132.11768895
2023-11-28 21:30:00,101.14711405,103.41154001,100.80001226,102.52725688,2403508.09907341
2023-11-29 21:30:00,102.69254344,104.30408746,102.64295747,104.29582313,1867724.68875723
2023-11-30 21:30:00,104.42805239,105.79993088,104.08921493,105.10572731,2634141.48282164
2023-12-01 21:30:00,104.83300447,107.46106087,104.74209686,107.07263744,1176321.85560681
2023-12-04 21:30:00,107.19660237,107.88254161,106.32884789,106.86602923,1380355.37642036
2023-12-05 21:30:00,106.63462804,106.77098946,104.44458104,105.48588641,1276637.32832373
2023-12-06 21:30:00,105.601587,107.01478714,105.41150745,106.44454849,1120968.29468202
2023-12-07 21:30:00,106.41975551,106.56851342,104.63466059,106.08918237,1361931.6165585
2023-12-08 21:30:00,106.57677774,106.60157073,105.13052029,105.19663492,954864.05119869
2023-12-11 21:30:00,105.38671447,106.68421401,105.14704895,105.99001043,783734.59592589
2023-12-12 21:30:00,106.2131473,106.47347364,105.3949788,106.27926192,958281.14681473
2023-12-13 21:30:00,106.27926192,107.09743043,105.7751379,106.5933064,958840.17591339
2023-12-14 21:30:00,107.40321057,108.59327385,106.07265372,106.52719177,980681.0313913
2023-12-15 21:30:00,105.57679402,106.38669819,104.38673074,104.7834185,1532026.50499287
2023-12-18 21:30:00,105.58505835,105.58505835,104.20491552,104.45284537,829415.2594163
2023-12-19 21:30:00,104.7834185,106.6511567,104.29582313,106.39496252,1047361.58667224
2023-12-20 21:30:00,106.00653909,106.85363274,104.20491552,104.24623716,803096.12105066
2023-12-21 21:30:00,104.73383253,105.58092618,104.32061612,105.40324313,481044.53939598
2023-12-22 21:30:00,105.94042446,106.60157073,105.41977178,105.84125253,379091.91003299
2023-12-26 21:30:00,105.56026536,106.28752625,105.32886417,105.93216014,1595750.98216121
2023-12-27 21:30:00,106.155297,107.57676147,105.95695312,107.56849714,830886.64336429
2023-12-28 21:30:00,107.36188893,107.8494843,106.99825849,107.4693252,608802.04875464
2023-12-29 21:30:00,107.43626789,108.13700028,106.85776491,107.27098132,648877.90102214
2024-01-02 21:30:00,106.64289237,107.26271699,105.46935775,105.75860924,765648.43155867
2024-01-03 21:30:00,105.3949788,105.56852969,104.48590268,104.80821149,878361.766061
2024-01-04 21:30:00,104.97349805,105.55200103,104.44458104,104.48590268,1022971.21969894
2024-01-05 21:30:00,104.7834185,104.94044074,104.04789328,104.60986761,619937.85999914
2024-01-08 21:30:00,104.43631671,106.33711222,104.03136463,106.30405491,962581.55680745
2024-01-09 21:30:00,105.79993088,108.35360833,105.2214279,108.32055101,1320970.02987495
2024-01-10 21:30:00,108.18005743,109.4858213,107.92386326,109.04781191,1141693.512002
2024-01-11 21:30:00,109.32053474,109.75854414,107.80816266,109.37838504,1173291.96629286
2024-01-12 21:30:00,110.0395313,111.26265189,109.69656168,110.60150563,1128163.07178295
2024-01-16 21:30:00,109.73375115,110.11391026,108.622199,109.14698384,1248684.66337109
2024-01-17 21:30:00,107.94039191,108.19658609,107.29577431,107.79989833,1109630.41014862
2024-01-18 21:30:00,108.12220714,109.20483414,107.74204803,108.899054,880251.81682314
2024-01-19 21:30:00,109.31227041,109.90730205,107.84121997,109.31227041,778213.27606186
2024-01-22 21:30:00,109.75854414,110.82051033,109.47755698,110.42795473,696240.4918873
2024-01-23 21:30:00,110.98166473,111.08901835,110.26266816,110.83290682,449056.45876363
2024-01-24 21:30:00,111.40314547,111.88247651,110.64282727,110.81637816,696561.14710623
2024-01-25 21:30:00,111.70892562,112.22131397,111.03538286,112.15519935,691727.11842843
2024-01-26 21:30:00,112.60147307,113.49815269,112.57668009,113.37831993,673421.94049659
2024-01-29 21:30:00,113.53534217,114.0394662,112.64279472,113.97335157,617602.52198959
2024-01-30 21:30:00,113.94029426,114.6964803,113.61798545,114.3039247,1090470.95831276
2024-01-31 21:30:00,114.35351067,114.35351067,110.75026353,111.37835249,1048436.08416057
2024-02-01 21:30:00,111.40314547,113.43617023,111.18827293,113.17997605,1259514.33963299
2024-02-02 21:30:00,112.70064501,114.74606627,112.2874286,114.29566037,1295356.33299094
2024-02-05 21:30:00,113.44443456,113.98574806,112.92378188,113.2212977,1551092.78531228
2024-02-06 21:30:00,115.74191783,118.94847721,114.37003933,115.62621723,1511940.17807136
2024-02-07 21:30:00,116.86586648,118.84930527,116.52702902,118.65922572,1365693.56778736
2024-02-08 21:30:00,118.3617099,118.90707292,117.33693319,118.32038826,844153.29929004
2024-02-09 21:30:00,118.3617099,120.28316623,118.25427363,120.26250541,917653.52556674
2024-02-12 21:30:00,120.26250541,120.46911361,119.63441646,120.26250541,685731.47084433
2024-02-13 21:30:00,119.51045153,120.06416153,117.79973557,118.22948065,875881.22568817
2024-02-14 21:30:00,119.11376377,119.93193227,118.77492631,119.24599303,1333140.40795787
2024-02-15 21:30:00,119.65920944,121.73355584,119.65920944,121.73355584,927994.35387224
2024-02-16 21:30:00,121.73355584,123.27981167,121.01455928,121.93189972,1090123.68266057
2024-02-20 21:30:00,120.8740657,121.77487749,119.79978567,120.13854048,640301.28143059
2024-02-21 21:30:00,120.02283989,120.85753704,118.75013333,119.46912989,990691.52432031
2024-02-22 21:30:00,119.98978257,120.85753704,118.92996511,120.6096072,889435.8663011
2024-02-23 21:30:00,120.7583651,121.76248099,120.51043526,121.47736167,397297.86634992
2024-02-26 21:30:00,121.55174062,122.19222606,120.7583651,121.05588092,928373.09003648
2024-02-27 21:30:00,121.51041898,122.10545062,120.59307854,121.72529152,506905.08029758
2024-02-28 21:30:00,121.84925644,122.57651733,121.42364353,121.59306226,556895.83393826
2024-02-29 21:30:00,121.77487749,122.26247286,120.64266451,121.1963745,1121929.05031911
2024-03-01 21:30:00,121.1963745,121.485626,120.41126332,121.17158152,577412.92787085
2024-03-04 21:30:00,121.17158152,122.2459442,120.26250541,121.60132659,647456.12788161
2024-03-05 21:30:00,121.09720256,122.42775942,120.94844466,121.58479793,601120.84373671
2024-03-06 21:30:00,121.98148569,122.0847898,120.52704656,121.41951137,496172.2056112
2024-03-07 21:30:00,121.90710674,122.98146942,121.64264823,122.91535479,608445.09294489
2024-03-08 21:30:00,123.13849165,123.55170807,121.17158152,121.4277757,477724.24535546
2024-03-11 20:30:00,121.4277757,122.23767987,120.61787152,122.1880939,548101.41080178
2024-03-12 20:30:00,122.41949509,123.49385777,121.66744122,123.28724956,466461.38204309
2024-03-13 20:30:00,123.43600747,125.38638895,123.43600747,124.4938415,571603.62331964
2024-03-14 20:30:00,123.60955837,123.91947068,122.15503659,123.41121449,657152.01569017
2024-03-15 20:30:00,122.78312554,124.44425553,122.55172435,123.11369867,1623028.45612456
2024-03-18 20:30:00,123.11369867,123.4442718,122.02280733,122.2459442,503529.12535113
2024-03-19 20:30:00,122.31205882,123.8244309,121.92363539,123.77484493,482023.44532848
2024-03-20 20:30:00,123.74178762,125.02275851,123.36162852,124.46904851,612434.52787623
2024-03-21 20:30:00,125.02275851,126.03092392,124.60127776,125.1384591,486218.58360781
2024-03-22 20:30:00,125.27068836,125.27068836,123.64261568,123.98971747,514891.21027842
2024-03-25 20:30:00,124.10541807,124.18806135,123.17154897,124.03103911,718504.85425813
2024-03-26 20:30:00,124.60127776,125.26655619,124.11368239,124.27896896,559922.09319312
2024-03-27 20:30:00,125.1384591,126.4524873,125.07234448,126.38637268,726471.62392387
2024-03-28 20:30:00,126.43595865,127.68387222,126.20868962,127.04751894,601010.73194455
2024-04-01 20:30:00,126.60950954,126.60950954,124.56822045,124.98143687,500471.40558422
2024-04-02 20:30:00,125.17151642,125.20870589,123.3864215,123.72525896,868968.38317596
2024-04-03 20:30:00,123.78310926,124.74177134,123.5599724,123.85748822,933639.09574506
2024-04-04 20:30:00,124.98143687,125.61779014,122.82527361,123.25419225,711103.16378953
2024-04-05 20:30:00,123.33683553,123.8244309,122.15503659,122.2459442,653693.77940452
2024-04-08 20:30:00,122.58478166,123.22939927,120.64993712,120.7583651,731027.34807203
2024-04-09 20:30:00,121.4277757,121.70049853,119.96498959,121.2542248,525016.65507837
2024-04-10 20:30:00,119.60135914,120.33688436,119.25425735,119.28731467,353156.34791036
2024-04-11 20:30:00,119.28731467,121.26248913,117.8658502,120.56828555,731748.5198097
2024-04-12 20:30:00,119.75011705,120.59307854,118.87409825,119.54350884,577629.52139609
2024-04-15 20:30:00,120.94018033,120.94018033,118.741869,118.98979885,635213.14861704
2024-04-16 20:30:00,119.00632751,120.01457556,118.57278084,119.81623168,713011.36484707
2024-04-17 20:30:00,120.58481421,120.58481421,116.99809573,118.15510169,669074.33973581
2024-04-18 20:30:00,118.59311109,119.65094511,118.13857303,118.59311109,377262.36025556
2024-04-19 20:30:00,119.14682109,119.74185272,118.30394224,118.86583392,463143.50804196
2024-04-22 20:30:00,119.71705974,119.9980469,118.73360467,119.09723512,392333.15554516
2024-04-23 20:30:00,119.51045153,120.14680481,119.33690064,119.52698019,417896.03160202
2024-04-24 20:30:00,119.15508541,119.80796735,118.31212393,118.98979885,423661.77544425
2024-04-25 20:30:00,118.42782452,119.16334974,117.34519752,119.15508541,341872.91426318
2024-04-26 20:30:00,118.95674154,120.33688436,118.95674154,119.75838138,473322.19370845
2024-04-29 20:30:00,119.74185272,120.61787152,119.74185272,120.53522824,721810.62806233
2024-04-30 20:30:00,120.08895451,120.51456742,118.51046781,118.61790408,555248.99713463
2024-05-01 20:30:00,118.89062691,119.82036384,118.21295199,118.33691691,600674.3464696
2024-05-02 20:30:00,118.6840187,119.83276034,117.29974371,119.77491004,512604.27305663
2024-05-03 20:30:00,120.56002123,122.58478166,119.70879541,122.39470211,808840.08453839
2024-05-06 20:30:00,123.47732912,124.79135731,122.72527524,123.20460628,1313830.91367996
2024-05-07 20:30:00,122.32032315,123.15502031,115.82456111,117.05594603,1677988.76064877
2024-05-08 20:30:00,114.87416336,116.36174245,113.51583836,114.46921127,1562640.00325276
2024-05-09 20:30:00,114.63449784,116.21298454,114.0394662,115.52704529,1314343.96203024
2024-05-10 20:30:00,116.21298454,116.30389215,114.65929082,115.07250723,571758.50584048
2024-05-13 20:30:00,115.60968857,115.65927454,114.13037381,114.31218903,609814.83523858
2024-05-14 20:30:00,114.8576347,115.02292127,113.6014568,113.94029426,483891.71573612
2024-05-15 20:30:00,114.51879724,114.51879724,113.25435501,113.80806501,664758.19948707
2024-05-16 20:30:00,113.45269889,114.12210948,112.2295783,113.84112232,894578.45000089
2024-05-17 20:30:00,114.06425918,114.12624164,112.3452789,112.75849531,583651.78941346
2024-05-20 20:30:00,112.75023098,113.61798545,112.45271516,113.13039008,477637.12393749
2024-05-21 20:30:00,113.1634474,114.80804873,112.1138777,114.70061246,872092.65402604
2024-05-22 20:30:00,114.66755515,114.78747055,113.43617023,113.94029426,869227.32739049
2024-05-23 20:30:00,114.10558082,115.51051663,113.51881351,114.4774756,961562.72022504
2024-05-24 20:30:00,115.08077156,116.22538103,114.17169545,116.1138126,643924.08039463
2024-05-28 20:30:00,116.37000678,116.42372491,113.50641702,113.64277844,816333.73650375
2024-05-29 20:30:00,112.85766725,113.1634474,110.82464249,110.84117115,705604.83429969
2024-05-30 20:30:00,110.74199921,113.75847904,110.03126697,113.52707784,1086601.31533114
2024-05-31 20:30:00,113.90723694,115.32043708,112.67998419,115.15515052,1489443.49191927
2024-06-03 20:30:00,115.22952947,115.27134697,112.74196665,114.03120187,720163.7912587
2024-06-04 20:30:00,113.77500769,114.60144052,112.7832883,114.56011888,825310.87261403
2024-06-05 20:30:00,114.4774756,114.95680664,113.12212576,114.29566037,866994.84105494
2024-06-06 20:30:00,113.69236441,114.46921127,113.09733277,114.29566037,625681.82348688
2024-06-07 20:30:00,114.29566037,116.18819156,114.19235627,114.92374933,611166.42723685
2024-06-10 20:30:00,114.73366977,115.83282544,114.51879724,115.71712484,667402.09251861
2024-06-11 20:30:00,115.22126514,115.31217276,114.06425918,115.27911544,631948.51548245
2024-06-12 20:30:00,116.03116932,116.52702902,114.80804873,115.55183828,785075.29774692
2024-06-13 20:30:00,115.45266634,115.45266634,113.56013516,115.03118559,691193.49974335
2024-06-14 20:30:00,114.42788963,115.41960902,113.11799359,114.21301709,850782.99719383
2024-06-17 20:30:00,114.04773053,116.46917872,113.79980068,116.31215648,543636.43813067
2024-06-18 20:30:00,116.46091439,117.11123438,116.13191148,116.52702902,686818.06852961
2024-06-20 20:30:00,116.52702902,117.07660685,116.06422663,116.68405125,1153354.47179372
2024-06-21 20:30:00,116.52702902,117.15511797,115.10969671,116.4939717,1533749.57303722
2024-06-24 20:30:00,116.75843021,118.05592975,116.25430618,117.4278408,995762.71685815
2024-06-25 20:30:00,117.27081856,117.41957647,114.96920313,115.64274589,1115670.8284614
2024-06-26 20:30:00,114.87416336,115.39481604,114.33284985,114.93201365,958161.35486502
2024-06-27 20:30:00,115.37002305,115.81629678,114.37830366,115.24605813,1302762.86353833
2024-06-28 20:30:00,115.70059619,117.13032498,114.67581948,115.46093067,1579504.04772897
2024-07-01 20:30:00,115.65101022,115.86299024,113.77500769,114.29566037,799443.07159427
2024-07-02 20:30:00,114.3039247,114.3039247,113.15518307,113.85765098,552906.39900692
2024-07-03 20:30:00,113.45269889,114.86589903,113.3824521,114.45268261,623656.25051901
2024-07-05 20:30:00,113.45269889,113.55600299,110.94034309,113.00642516,1105812.79801384
2024-07-08 20:30:00,113.4279059,114.27086739,113.3824521,113.76674336,429767.53482051
2024-07-09 20:30:00,113.65104277,113.79980068,112.68824852,112.75849531,363587.92769291
2024-07-10 20:30:00,112.94857486,114.58656473,112.3452789,114.51879724,411152.59184698
2024-07-11 20:30:00,114.94854231,116.71504248,114.52706157,116.61793663,576388.04118998
2024-07-12 20:30:00,117.52701274,119.49392287,116.9898314,118.94847721,722987.97722465
2024-07-15 20:30:00,119.00632751,120.08895451,118.87409825,119.58483049,773547.44012154
2024-07-16 20:30:00,120.12201183,124.59301344,119.83276034,124.57648478,922590.40591854
2024-07-17 20:30:00,124.20459001,125.6921691,123.59302971,123.59302971,901238.39839703
2024-07-18 20:30:00,123.9401315,125.92357029,122.21701905,122.93188345,695962.18735767
2024-07-19 20:30:00,123.31204255,124.01451045,121.51455114,122.22115121,452705.87816093
2024-07-22 20:30:00,122.89056181,123.55170807,122.05999681,123.5021221,410470.14073953
2024-07-23 20:30:00,123.32030688,125.09713746,122.97320509,125.02275851,551113.14982031
2024-07-24 20:30:00,124.8740006,125.07234448,118.05592975,118.12204438,1711183.23091611
2024-07-25 20:30:00,118.94847721,121.9690892,118.8575696,120.39473466,847803.92870704
2024-07-26 20:30:00,121.2542248,122.22115121,120.07242586,120.64266451,637865.51178644
2024-07-29 20:30:00,121.24596047,121.68396987,120.25424108,120.4939066,684615.8326864
2024-07-30 20:30:00,120.92365167,121.86165293,120.73357212,120.8162154,655170.00343129
2024-07-31 20:30:00,121.66744122,122.53932785,120.38647033,120.94844466,656608.71684753
2024-08-01 20:30:00,121.38645406,121.5310798,118.3617099,119.63441646,1048339.28258505
2024-08-02 20:30:00,119.13029243,119.13029243,116.81628051,117.55180572,720434.83567017
2024-08-05 20:30:00,114.95680664,116.89065946,113.94855859,115.80803245,1238355.93526253
2024-08-06 20:30:00,115.81629678,118.36584206,113.68410008,116.27083484,1065809.54692799
2024-08-07 20:30:00,116.46917872,117.94022915,115.1799435,115.22126514,1302727.7729672
2024-08-08 20:30:00,115.86588275,118.46088184,115.46919499,117.56833438,1750506.45093389
2024-08-09 20:30:00,117.64271334,119.18814273,116.69231558,118.59311109,1220706.58800487
2024-08-12 20:30:00,118.83277661,119.03938482,117.61792035,118.58484676,804392.052143
2024-08-13 20:30:00,118.94847721,119.60962347,118.09725139,119.04764915,996707.74223921
2024-08-14 20:30:00,119.03112049,120.46084929,118.14683736,119.82449601,990635.86341439
2024-08-15 20:30:00,120.85753704,121.65917689,120.30382705,121.17984585,681279.80838986
2024-08-16 20:30:00,121.00629495,121.99801435,120.92365167,121.41124704,695839.97536857
2024-08-19 20:30:00,121.56826928,122.66742494,121.38232189,122.35338047,608567.30493399
2024-08-20 20:30:00,122.05586465,122.52610493,121.13025988,121.8657851,656092.03843816
2024-08-21 20:30:00,122.34511614,122.78312554,121.94016405,122.67568927,515901.57672296
2024-08-22 20:30:00,122.58478166,123.3864215,122.08892196,122.82444718,477545.16244074
2024-08-23 20:30:00,123.39468583,123.92360284,122.48560972,123.13849165,614879.97767794
2024-08-26 20:30:00,123.81616658,125.45250358,123.62608702,123.9979818,682413.5968432
2024-08-27 20:30:00,123.9401315,124.21285433,123.47732912,123.94839583,425306.19220848
2024-08-28 20:30:00,123.96492448,124.38640523,122.97328773,123.5021221,466270.19893142
2024-08-29 20:30:00,124.15500404,124.85333978,123.64261568,123.96492448,641052.70366061
2024-08-30 20:30:00,124.22938299,124.9318509,123.10543434,124.69218538,1005233.54100361
2024-09-03 20:30:00,124.18806135,124.69218538,121.07240958,121.60959092,1478569.04492869
2024-09-04 20:30:00,121.22943182,121.96495704,120.61787152,121.34513241,643711.11692847
2024-09-05 20:30:00,121.77487749,122.17156524,118.82451228,118.95674154,820646.2466934
2024-09-06 20:30:00,119.14682109,120.1715978,117.14272147,117.27908289,718254.38018146
2024-09-09 20:30:00,117.8079999,120.17986212,117.46503028,119.45260123,935595.69759037
2024-09-10 20:30:00,119.71705974,119.71705974,117.93196483,118.29559527,596090.79186847
2024-09-11 20:30:00,117.84105722,117.91543617,115.5146488,117.30387588,1053399.58494564
2024-09-12 20:30:00,117.39478349,117.8079999,116.37827111,117.76667826,569464.30850053
2024-09-13 20:30:00,118.17989468,119.90713929,118.17163035,118.97327019,559388.47450803
2024-09-16 20:30:00,119.64268078,119.90713929,117.98981512,119.65920944,612896.75539937
2024-09-17 20:30:00,119.83276034,121.27901779,119.25425735,119.78317437,752758.09175778
2024-09-18 20:30:00,120.40299899,120.65919317,118.28733094,120.27903406,934569.6008898
2024-09-19 20:30:00,121.6922342,123.98971747,120.52696391,123.51865076,1196927.28097707
2024-09-20 20:30:00,122.71701091,122.89882613,121.96239509,122.84097584,963979.12955409
2024-09-23 20:30:00,123.13849165,123.84922389,122.23767987,122.58478166,956969.48546636
2024-09-24 20:30:00,122.65089629,124.46078418,122.65089629,124.34508359,782165.20038269
2024-09-25 20:30:00,125.08887278,127.39462108,124.68392068,127.33677035,1290132.93621527
2024-09-26 20:30:00,128.04750272,128.77476374,127.11991451,127.77477972,818463.96941598
2024-09-27 20:30:00,128.05576655,129.17971583,127.21280508,128.535098,729003.29158071
2024-09-30 20:30:00,129.84170164,130.88098954,127.39432711,129.5645582,1608035.17485386
2024-10-01 20:30:00,129.59425214,130.84139762,128.33720868,130.72262186,1228323.35486635
2024-10-02 20:30:00,130.72262186,134.19681284,129.63879305,133.70191384,1431602.20570258
2024-10-03 20:30:00,133.04864716,137.6314119,133.04864716,137.49284018,1682287.69910628
2024-10-04 20:30:00,139.58131396,139.81886548,135.94885428,138.61131192,971039.54544261
2024-10-07 20:30:00,138.26488262,138.26488262,136.02793914,136.56243006,1198752.67478819
2024-10-08 20:30:00,136.7900836,137.10681896,134.83028356,135.9487553,840442.19123498
2024-10-09 20:30:00,135.90916338,136.63666491,135.11732498,135.87946944,715181.27941257
2024-10-10 20:30:00,135.64191792,135.81018358,134.43436436,135.36477448,886003.00263286
2024-10-11 20:30:00,135.5033462,137.3344725,135.47365226,137.04743108,608483.75123005
2024-10-14 20:30:00,137.06722704,138.4232503,136.61191996,137.90855534,610991.33358524
2024-10-15 20:30:00,138.076821,138.28467858,136.77523663,136.92865532,842880.06239657
2024-10-16 20:30:00,137.00783916,140.21478468,137.00783916,139.78917154,682442.27610078
2024-10-17 20:30:00,140.1553968,141.9865231,139.15570082,141.6400938,667983.77042588
2024-10-18 20:30:00,142.15478876,142.49132008,140.67504075,142.4319322,661311.70198364
2024-10-21 20:30:00,142.44183018,143.08519888,141.57080794,142.07560492,552697.62113078
2024-10-22 20:30:00,141.92713522,141.92713522,139.91784528,140.3038665,487072.10966278
2024-10-23 20:30:00,140.03662104,140.90764328,139.45264022,139.93764124,580633.62423444
2024-10-24 20:30:00,140.11580488,140.88784732,138.9676392,140.3038665,396979.98985652
2024-10-25 20:30:00,140.9472352,140.9472352,138.4727402,139.08641496,455359.57841903
2024-10-28 20:30:00,139.7594776,140.19993771,139.10621092,139.7594776,463302.61326048
2024-10-29 20:30:00,139.6110079,142.0855029,138.87855738,141.37284834,676831.03016979
2024-10-30 20:30:00,141.22437864,142.56060594,139.92774326,139.9574372,644552.72692004
2024-10-31 20:30:00,139.45264022,140.551316,138.84886344,139.14580284,894655.27309613
2024-11-01 20:30:00,139.94753922,140.42264226,137.9778412,138.19559676,664173.90214973
2024-11-04 21:30:00,138.39355636,139.64565083,137.85906544,138.41335232,648996.05778149
2024-11-05 21:30:00,138.57172,140.29396852,138.57172,140.24447862,402888.26609066
2024-11-06 21:30:00,144.93612114,147.37102422,144.22346658,146.11398076,747303.99536067
2024-11-07 21:30:00,145.5992858,145.86158227,143.0753009,143.3722403,475851.63841511
2024-11-08 21:30:00,143.52071,145.31224438,142.7783615,144.93612114,859664.29513901
2024-11-11 21:30:00,146.02489894,146.84643128,144.99550902,145.38153024,576614.6223775
2024-11-12 21:30:00,145.500306,146.23275652,144.87673326,145.60918378,507662.16945276
2024-11-13 21:30:00,146.17336864,149.00419092,145.85663328,147.7273515,870995.90017357
2024-11-14 21:30:00,146.99490098,147.8263313,138.44304626,139.17549678,1467178.15150162
2024-11-15 21:30:00,138.78947556,139.83866144,137.47304422,138.58161798,1043109.80624329
2024-11-18 21:30:00,139.04682304,140.39294832,138.11641292,138.9181493,818080.05269762
2024-11-19 21:30:00,135.44395832,138.076821,129.74767083,132.15782896,1948246.00575067
2024-11-20 21:30:00,134.03844516,134.24630274,130.53456024,131.148235,1225618.76261621
2024-11-21 21:30:00,131.6926239,134.86987548,130.89088752,134.04834314,1045542.62586912
2024-11-22 21:30:00,135.11732498,136.81977754,133.98895526,135.95865328,664028.41791962
2024-11-25 21:30:00,136.3446745,141.7885635,135.64191792,137.8788614,1218343.54080328
2024-11-26 21:30:00,137.8788614,139.32396648,136.78018562,139.25468062,963305.64418194
2024-11-27 21:30:00,139.561518,141.3431544,138.8191695,139.76937558,719036.61151063
2024-11-29 21:30:00,139.78917154,140.44738721,138.7696796,139.78917154,1012951.12740175
2024-12-02 21:30:00,139.8089675,139.8089675,137.90855534,138.44304626,825294.65608134
2024-12-03 21:30:00,138.30447454,138.6706998,136.31498056,136.592124,665579.23940036
2024-12-04 21:30:00,136.2951846,137.66605483,135.9271777,136.94845128,676100.57809775
2024-12-05 21:30:00,136.97814522,137.4334523,135.78048964,136.33477652,605163.88192338
2024-12-06 21:30:00,136.82967552,137.93824928,136.3941644,136.42385834,675496.41441991
2024-12-09 21:30:00,136.58222602,137.51263614,134.34280805,134.7609977,882119.3819345
2024-12-10 21:30:00,134.78079366,135.86957146,133.00905524,134.69171184,940884.90782968
2024-12-11 21:30:00,135.8992654,136.40623994,133.71181182,133.74150576,890515.03438075
2024-12-12 21:30:00,133.59303606,135.6518159,132.76160574,134.63232396,645110.41646881
2024-12-13 21:30:00,134.44426234,135.68141086,134.10773102,135.59242802,707044.26559763
2024-12-16 21:30:00,135.54293812,136.9385533,135.19650882,135.83987752,773693.2182122
2024-12-17 21:30:00,135.3548765,135.8497755,132.69231988,133.28619868,1071243.82954906
2024-12-18 21:30:00,133.4247704,134.54324214,130.9997653,131.20762288,677956.51233888
2024-12-19 21:30:00,131.96976734,134.91936538,131.47991631,132.69231988,1047594.55969804
2024-12-20 21:30:00,131.57384814,134.64222194,131.56395016,134.3650785,1702754.50142352
2024-12-23 21:30:00,133.92956738,134.72140578,132.5834421,133.89987344,689980.17777365
2024-12-24 21:30:00,133.63262798,134.74120174,133.29609666,134.612528,308450.81521684
2024-12-26 21:30:00,134.49375224,134.99360023,133.9196694,134.85007952,624151.59456778
2024-12-27 21:30:00,133.68211788,135.13791278,132.50425826,133.69201586,421816.37061299
2024-12-30 21:30:00,132.4349724,132.7417108,131.10864308,132.138033,512808.6740931
2024-12-31 21:30:00,132.67252392,132.99915726,131.51446026,132.25680876,524777.78294157
2025-01-02 21:30:00,133.4742603,134.18691486,131.16803096,131.60354208,383845.99685997
2025-01-03 21:30:00,131.31650066,132.74180978,131.25711278,132.4349724,822283.94076367
2025-01-06 21:30:00,132.10833906,132.99420827,131.148235,131.51446026,703359.67540852
2025-01-07 21:30:00,131.37588854,131.91037946,129.7130279,130.5048663,650718.63147834
2025-01-08 21:30:00,129.99017134,132.16277795,129.42598648,131.7421138,532338.92167897
2025-01-10 21:30:00,130.56425418,131.58374612,129.70312992,130.9997653,720447.00029703
2025-01-13 21:30:00,130.84139762,133.08823908,130.37619256,132.91007544,512118.6343072
2025-01-14 21:30:00,133.18721888,134.47890527,132.51415624,133.7711997,555912.41849347
2025-01-15 21:30:00,135.46375428,135.68150984,134.15722092,134.83028356,532840.03402715
2025-01-16 21:30:00,134.87977346,137.21569674,134.44426234,136.91875734,557396.55970208
2025-01-17 21:30:00,137.69079978,138.6706998,136.70812833,137.83926948,665348.88936935
2025-01-21 21:30:00,138.57172,140.77402055,138.0273311,139.78917154,900873.71362642
2025-01-22 21:30:00,139.8584574,140.61070388,138.74335097,140.19498872,639475.93347329
2025-01-23 21:30:00,140.07621296,140.6502958,138.09661696,140.13560084,575892.25276269
2025-01-24 21:30:00,140.03662104,140.12570286,138.98901884,139.58131396,552110.63267455
2025-01-27 21:30:00,139.23488466,139.84855942,135.51324418,136.06753106,1083460.46365016
2025-01-28 21:30:00,136.61191996,138.4825392,135.96855126,135.98834722,638147.37956634
2025-01-29 21:30:00,136.21600076,137.60171796,135.68645883,135.85967348,463735.02472222
2025-01-30 21:30:00,136.2951846,138.87855738,135.9982452,138.39355636,879723.94367336
2025-01-31 21:30:00,138.61131192,139.10393438,136.51294016,138.70039374,946173.86577867
2025-02-03 21:30:00,136.52283814,139.00723112,135.78048964,137.36416644,988563.32302147
2025-02-04 21:30:00,139.02702708,143.49101606,132.04895118,132.62303402,2118189.7720545
2025-02-05 21:30:00,133.85038354,133.86730909,128.67374,130.92058146,1522483.37539579
2025-02-06 21:30:00,131.20762288,133.58313808,130.31680468,132.11823704,1022206.55123571
2025-02-07 21:30:00,132.7319118,133.9691593,131.643134,132.56364614,775432.96713067
2025-02-10 21:30:00,133.127831,134.28589466,132.35578856,133.01895322,677103.81310126
2025-02-11 21:30:00,132.59334008,132.75685471,130.16833498,131.86088956,588944.4108798
2025-02-12 21:30:00,130.41578448,131.45507238,128.7727198,129.01027132,629311.23320112
2025-02-13 21:30:00,129.48537436,130.08915114,128.21843292,129.0201693,787996.13658544
2025-02-14 21:30:00,129.43588446,129.44578244,127.07026724,127.56516624,839324.79152312
2025-02-18 21:30:00,128.67374,130.42568246,127.79281978,129.09935314,978646.14800192
2025-02-19 21:30:00,128.67374,129.1191491,126.99603239,129.0696592,711300.68963566
2025-02-20 21:30:00,128.60445414,129.90108952,127.39690058,128.80241374,910461.5285139
2025-02-21 21:30:00,128.78261778,129.07559799,127.00593037,127.74332988,1599967.87223252
2025-02-24 21:30:00,128.59455616,128.59455616,126.72383794,127.08016522,917213.41122128
2025-02-25 21:30:00,127.65424806,128.33720868,124.44730254,125.8528157,1520861.83241429
2025-02-26 21:30:00,125.44699852,126.6074377,124.6155682,125.1104672,1218711.29260718
2025-02-27 21:30:00,125.47669246,127.16924704,125.0609773,125.24903892,678291.93431387
2025-02-28 21:30:00,125.77363186,127.03562431,125.29852882,126.80302178,715619.75271722
2025-03-03 21:30:00,127.42659452,128.25802484,123.58617828,123.88311768,793024.43528882
2025-03-04 21:30:00,122.54689038,123.53668838,120.47821256,121.46801056,1291821.1594689
2025-03-05 21:30:00,121.26015298,123.95735253,121.25520399,123.10117726,899204.6862087
2025-03-06 21:30:00,121.86392976,122.9824015,121.23045904,122.3390328,899976.56087404
2025-03-07 21:30:00,121.5471944,123.65546414,121.11168328,123.25954494,987720.72685538
2025-03-10 20:30:00,122.34893078,124.65516012,121.30865308,122.31923684,901969.89688805
2025-03-11 20:30:00,122.34893078,123.38821868,120.53760044,120.92362166,939797.81733243
2025-03-12 20:30:00,121.18096914,122.08168532,120.25055902,120.46831458,970456.59821499
2025-03-13 20:30:00,120.19117114,120.96816257,117.49892058,118.04330948,1093972.70958317
2025-03-14 20:30:00,119.43892466,121.27994894,118.64213727,120.8048459,1006201.26530868
2025-03-17 20:30:00,120.17137518,122.23015502,119.9140277,121.51750046,890139.20011962
2025-03-18 20:30:00,121.23045904,122.05199138,120.29015094,121.250255,879329.92388346
2025-03-19 20:30:00,121.53729642,123.10117726,121.30964288,122.9824015,665101.36411672
2025-03-20 20:30:00,121.86392976,122.59638028,120.3594368,120.64647822,1260122.7725253
2025-03-21 20:30:00,119.50821052,120.15652821,118.30065696,120.0130075,2559866.76069259
2025-03-24 20:30:00,120.8543358,122.11632825,120.39902872,121.93321562,1314433.85418035
2025-03-25 20:30:00,122.08168532,123.25459595,121.36903076,122.35882876,862749.77318604
2025-03-26 20:30:00,122.64587018,123.83362778,121.9431136,122.70525806,922750.90473006
2025-03-27 20:30:00,122.76464594,123.60597424,121.250255,122.18066512,828387.20627845
2025-03-28 20:30:00,122.20046108,122.4586004,119.50821052,119.98331356,516381.12018816
2025-03-31 20:30:00,119.01331152,120.28025296,117.45932866,119.65668022,890904.00263488
2025-04-01 20:30:00,119.60719032,120.9533156,118.66688222,120.73556004,650735.80669995
2025-04-02 20:30:00,119.3201489,123.50699444,119.21582419,123.24964696,592776.50591333
2025-04-03 20:30:00,118.77576,119.43892466,116.98026643,117.27126704,1136294.47624667
2025-04-04 20:30:00,114.28207708,114.94524174,109.76364921,110.3129871,1046589.30408023
2025-04-07 20:30:00,108.4323709,113.26258514,105.14624154,109.92696588,1408712.68683105
2025-04-08 20:30:00,113.40115686,113.82677,107.85116151,109.65972042,1026032.58442632
2025-04-09 20:30:00,108.14532948,117.70182917,107.28113685,117.33065492,1783814.47527677
2025-04-10 20:30:00,114.94524174,116.22208116,110.99594772,113.6783003,1564928.39953203
2025-04-11 20:30:00,113.16360534,115.63810034,111.2229084,115.35105892,923646.03686813
2025-04-14 20:30:00,117.3900428,117.41973674,115.2124872,116.67738824,530554.71924575
2025-04-15 20:30:00,116.93473572,117.76616604,116.2022852,116.31116298,492969.27251823
2025-04-16 20:30:00,115.93503974,117.11289936,114.69779224,115.39065084,629470.86173138
2025-04-17 20:30:00,115.69748822,117.32075694,115.3609569,116.02412156,662338.17405168
2025-04-21 20:30:00,115.806366,116.76647006,113.10421746,114.49983264,752316.12914958
2025-04-22 20:30:00,115.6578963,117.56325745,115.22238518,117.18218522,570411.33645451
2025-04-23 20:30:00,119.78535396,121.23045904,117.40983876,117.9839216,707973.74817892
2025-04-24 20:30:00,117.84534988,121.65607218,117.07330744,121.08198934,811538.31387819
2025-04-25 20:30:00,121.1017853,121.52739844,119.88433376,120.32974286,532505.62235931
2025-04-28 20:30:00,120.63658024,122.23995402,119.6665782,121.16117318,561773.21029139
2025-04-29 20:30:00,121.16117318,123.06158534,121.16117318,122.64587018,827085.93066464
2025-04-30 20:30:00,121.9431136,122.99229948,120.31004588,122.5369924,1088599.89614042
2025-05-01 20:30:00,123.10117726,124.10087324,121.16117318,123.0318914,1569852.63659858
2025-05-02 20:30:00,124.47699648,126.18934702,123.45750454,125.38761064,1487899.55122156
2025-05-05 20:30:00,124.84322174,125.54597832,124.2691389,125.33812074,1268198.15760387
2025-05-06 20:30:00,116.72687814,122.94280958,116.15774429,118.25116706,1503486.56998701
2025-05-07 20:30:00,119.3201489,119.40923072,116.83575592,118.07300342,1168642.49069002
2025-05-08 20:30:00,119.34984284,122.6854621,118.29075898,121.6956641,998250.14801
2025-05-09 20:30:00,121.88372572,122.0915833,119.95361962,121.50760248,965030.23849311
2025-05-12 20:30:00,124.98179346,126.42689854,124.04148536,126.20914298,1144551.71661288
2025-05-13 20:30:00,126.46649046,126.97118846,125.58557024,125.64495812,732600.99535461
2025-05-14 20:30:00,121.41852066,125.4568965,121.17107116,124.93230356,1134534.52118513
2025-05-15 20:30:00,125.13026316,127.66414604,125.12036518,127.4859824,872155.73278588
2025-05-16 20:30:00,128.37,129.7,127.78,129.17,734494.0
2025-05-19 20:30:00,128.98,129.66,128.475,128.85,627925.0
2025-05-20 20:30:00,128.29,129.26,127.67,128.12,442753.0
2025-05-21 20:30:00,127.37,128.56,126.07,126.31,613038.0
2025-05-22 20:30:00,126.2,127.63,125.605,126.81,639362.0
2025-05-23 20:30:00,125.0,126.345,125.0,125.85,510851.0
2025-05-27 20:30:00,127.11,128.67,126.315,128.66,717950.0
