datetime,open,high,low,close,volume
2020-05-21 20:30:00,32.27270104,32.7563004,31.6984268,32.25758856,5686853.51444634
2020-05-22 20:30:00,32.40115712,32.40871336,31.66820184,32.05357008,4539648.02600235
2020-05-26 20:30:00,33.51948064,34.60002296,33.14922488,34.05597368,7427782.86555218
2020-05-27 20:30:00,34.380892,34.99294744,32.61273184,34.76626024,11781116.00478545
2020-05-28 20:30:00,34.35066704,34.42245132,32.85453152,32.96031888,5721790.2025346
2020-05-29 20:30:00,33.03588128,33.65549296,32.31048224,33.52703688,7104238.35134935
2020-06-01 20:30:00,32.7940816,33.08121872,32.32559472,32.5485038,6168541.49682911
2020-06-02 20:30:00,32.60955822,33.2852372,32.40115712,33.247456,5861055.23382
2020-06-03 20:30:00,34.0408612,34.61513544,33.76883656,34.33555456,6490010.9048945
2020-06-04 20:30:00,34.00308,35.27252832,33.60259928,34.74359152,9228198.15146157
2020-06-05 20:30:00,36.41352056,37.69052512,35.82413384,36.61753904,10201039.14116015
2020-06-08 20:30:00,37.3656068,37.41774486,35.93944206,36.67043272,7115574.67735276
2020-06-09 20:30:00,35.80902136,36.36062688,35.42365312,36.14149592,5457804.41065927
2020-06-10 20:30:00,36.17927712,36.269952,35.01561616,35.4009844,6477486.15713635
2020-06-11 20:30:00,33.71594288,33.75372408,31.98556392,32.0006764,10804189.64987878
2020-06-12 20:30:00,33.20211856,33.75372408,31.56241448,32.4540508,7495047.8015521
2020-06-15 20:30:00,31.32817104,32.62784432,30.80679048,32.43893832,7655265.05245995
2020-06-16 20:30:00,34.12397984,34.84182264,32.96787512,33.60259928,7498091.64346289
2020-06-17 20:30:00,33.90484888,33.90484888,32.87720024,33.02832504,5277189.44872053
2020-06-18 20:30:00,32.70499353,32.88437867,32.09135128,32.35581968,5261771.72773761
2020-06-19 20:30:00,32.80919408,34.01811692,32.6429568,33.54214936,18885828.13674526
2020-06-22 20:30:00,34.38844824,34.41111696,33.05855,34.08619864,7843506.82349952
2020-06-23 20:30:00,34.27510464,34.37333576,32.7185192,32.87720024,7494227.28764571
2020-06-24 20:30:00,32.78652536,32.80919408,31.68331432,31.925114,7574318.70877579
2020-06-25 20:30:00,31.65308936,32.25758856,31.26016488,32.16691368,5565361.87310091
2020-06-26 20:30:00,32.01578888,32.09135128,30.76145304,30.88235288,7598043.47135613
2020-06-29 20:30:00,31.04859016,31.90244528,30.6783344,31.72865176,4935073.52863329
2020-06-30 20:30:00,32.65806928,33.48169944,32.35581968,33.3607996,9164409.81228759
2020-07-01 20:30:00,33.25501224,33.34568712,31.77021108,32.0762388,8003401.16248293
2020-07-02 20:30:00,32.50694448,32.78652536,31.87977656,32.06868256,5161617.41818682
2020-07-06 20:30:00,32.69585048,33.05855,32.1518012,32.4540508,5748762.61209279
2020-07-07 20:30:00,32.0384576,32.37093216,31.358396,31.52463328,6199587.36090966
2020-07-08 20:30:00,31.68331432,32.3407072,31.42640216,32.3407072,4929324.63765047
2020-07-09 20:30:00,32.35581968,32.491832,31.29038984,31.97800768,4918045.2182567
2020-07-10 20:30:00,31.82688288,32.10646376,31.32817104,31.97045144,4314019.93584111
2020-07-13 20:30:00,32.2651448,32.58772069,31.6039738,31.6228644,5995447.47122908
2020-07-14 20:30:00,31.26772112,31.87222032,30.65566568,31.77021108,5132908.69532995
2020-07-15 20:30:00,32.48427576,33.38346832,32.25003232,33.30034968,6406190.11571893
2020-07-16 20:30:00,32.869644,33.44391824,32.63540056,33.0963312,4329165.03446158
2020-07-17 20:30:00,33.3607996,33.3607996,32.52205696,32.79785972,3024472.48896277
2020-07-20 20:30:00,32.5673944,33.14922488,32.31803848,32.93009392,4092912.61262215
2020-07-21 20:30:00,33.21723104,33.97209942,33.10388744,33.37591208,5450055.84788202
2020-07-22 20:30:00,33.3230184,33.42880576,32.85453152,33.21723104,4307545.81643781
2020-07-23 20:30:00,33.20423431,35.80902136,33.18700608,34.87960384,14638018.3795115
2020-07-24 20:30:00,34.27510464,34.3431108,32.27270104,32.3784884,10630701.24823987
2020-07-27 20:30:00,32.67318176,33.06232812,32.1518012,33.04343752,5238369.87708172
2020-07-28 20:30:00,32.7940816,33.11899992,32.31803848,32.3784884,4143555.52497009
2020-07-29 20:30:00,31.80421416,32.4540508,31.61530816,32.05357008,7131454.26826041
2020-07-30 20:30:00,31.65308936,32.34448532,31.27527736,32.31048224,4656182.17526177
2020-07-31 20:30:00,32.42382584,32.59761936,31.75887672,32.5673944,5140782.98201222
2020-08-03 20:30:00,32.6051756,33.23612164,32.04601384,33.1718936,5379923.08343832
2020-08-04 20:30:00,32.81675032,33.83684272,32.77141288,33.82173024,4903761.65923793
2020-08-05 20:30:00,34.01819248,34.27510464,33.29566481,33.60259928,8824047.40982288
2020-08-06 20:30:00,29.5448984,29.62892379,27.8825256,28.1847752,44784689.21050681
2020-08-07 20:30:00,28.25278136,28.6381496,27.580276,27.95430988,13564993.96525256
2020-08-10 20:30:00,28.1092128,28.54747472,27.74651328,28.23011264,10403199.2101892
2020-08-11 20:30:00,28.34345624,28.81194312,27.86741312,27.94297552,8134589.42542852
2020-08-12 20:30:00,28.19233144,28.19988768,27.58783224,27.78429448,8314080.81267932
2020-08-13 20:30:00,27.5047136,27.64450404,26.92288312,27.00600176,11048401.05661017
2020-08-14 20:30:00,26.9757768,27.25535768,26.76420208,27.00600176,6499778.99060909
2020-08-17 20:30:00,27.13445784,27.2402452,26.79442704,26.9002144,4387016.55849999
2020-08-18 20:30:00,26.94555184,26.94555184,26.12192168,26.22770904,8254886.02797158
2020-08-19 20:30:00,26.3712776,26.65085848,25.94812816,26.0312468,6813399.25677321
2020-08-20 20:30:00,25.5400912,25.97079688,25.3889664,25.7667784,6458775.79325167
2020-08-21 20:30:00,25.47238729,25.63968244,25.33607272,25.47208504,6713365.37748933
2020-08-24 20:30:00,25.66099104,26.16725912,25.48719752,26.09925296,7481914.28541179
2020-08-25 20:30:00,26.2957152,26.77931456,25.84989704,25.92545944,6446920.6907139
2020-08-26 20:30:00,26.15214664,26.15214664,25.72144096,25.91412508,5561424.72975978
2020-08-27 20:30:00,26.13824316,26.70375216,25.60054112,26.62818976,8903729.89740929
2020-08-28 20:30:00,26.79442704,28.60792464,26.71886464,28.59281216,15542496.00330323
2020-08-31 20:30:00,28.47191232,29.11419272,28.07898784,29.03107408,12251867.33084179
2020-09-01 20:30:00,28.75413788,28.97062416,27.82963192,28.21500016,7894651.30805798
2020-09-02 20:30:00,28.48075312,29.66579824,28.47191232,29.36354864,9817301.99146666
2020-09-03 20:30:00,29.13686144,29.32576744,27.7314008,28.49458104,9746536.63726933
2020-09-04 20:30:00,28.47946856,29.00084912,28.02609416,28.83461184,9932048.21445587
2020-09-08 20:30:00,27.98075672,28.35101248,27.51226984,27.5424948,7570254.51812012
2020-09-09 20:30:00,27.71628832,27.8447444,26.92288312,27.6180572,7923905.27563974
2020-09-10 20:30:00,27.8069632,28.10165656,27.23268896,27.39137,6856645.63327793
2020-09-11 20:30:00,27.580276,28.57014344,27.39892624,28.23766888,8403876.79586673
2020-09-14 20:30:00,28.713712,29.469336,28.713712,29.42399856,8002923.41164389
2020-09-15 20:30:00,29.53734216,29.53734216,28.39634992,28.55125284,6599147.19490117
2020-09-16 20:30:00,28.78171816,29.76402936,28.72126824,29.30687684,7955468.59284512
2020-09-17 20:30:00,28.55503096,29.25020504,28.2603376,28.92528672,5402811.45119795
2020-09-18 20:30:00,28.97062416,29.00840536,27.72384456,28.11676904,8893613.75498926
2020-09-21 20:30:00,27.51604796,27.55760728,26.87376756,27.27047016,6402139.15915852
2020-09-22 20:30:00,27.49715736,27.67095088,27.19490776,27.55760728,4435319.68280521
2020-09-23 20:30:00,29.21998008,31.07125888,29.13686144,29.40888608,18036236.27624321
2020-09-24 20:30:00,29.0537428,29.19731136,28.26789384,28.35856872,7122527.87100463
2020-09-25 20:30:00,28.24522512,29.09908024,27.9203068,29.06885528,5097278.54064985
2020-09-28 20:30:00,29.35342328,29.65068576,29.01407254,29.18219888,6913164.48392322
2020-09-29 20:30:00,29.0537428,30.2627412,29.0537428,29.71113568,8842756.45029803
2020-09-30 20:30:00,28.54747472,28.72512192,27.55760728,27.6180572,18710354.6208167
2020-10-01 20:30:00,27.81451944,27.97773422,27.27047016,27.45181992,10316693.2230845
2020-10-02 20:30:00,26.824652,27.64072592,26.66597096,27.17223904,7102167.21544048
2020-10-05 20:30:00,27.37625752,27.91275056,27.3535888,27.63316968,6882196.70100473
2020-10-06 20:30:00,27.67850712,28.04876288,27.33092008,27.39892624,6273350.23768435
2020-10-07 20:30:00,27.95053176,28.57392156,27.73895704,28.3736812,6960619.30272199
2020-10-08 20:30:00,28.6948214,29.33332368,28.63059336,29.2426488,6104864.32405535
2020-10-09 20:30:00,29.72624816,29.8849292,28.69104328,28.80438688,6252297.43893789
2020-10-12 20:30:00,28.77416192,29.06129904,28.4114624,28.95551168,6959524.84304363
2020-10-13 20:30:00,29.06129904,29.46177976,28.51724976,28.6003684,5629780.15520947
2020-10-14 20:30:00,28.7892744,28.97062416,28.43413112,28.50969352,4608757.79488211
2020-10-15 20:30:00,28.07898784,28.73638072,27.83341004,28.713712,4865261.02929499
2020-10-16 20:30:00,28.78171816,29.40132984,28.39634992,28.66837456,23064132.42565085
2020-10-19 20:30:00,28.902618,31.70235604,28.74393696,30.92013408,22689922.50113813
2020-10-20 20:30:00,30.9050216,31.61530816,30.8318772,31.29038984,9843082.00904153
2020-10-21 20:30:00,31.56997072,32.12913248,31.50196456,31.78154544,9093483.00212804
2020-10-22 20:30:00,31.80421416,33.07366248,31.4717396,32.44649456,8079175.6217378
2020-10-23 20:30:00,32.12157624,32.29536976,31.21482744,31.52463328,8861536.95488762
2020-10-26 20:30:00,31.23749616,31.33572728,30.10406016,30.59899388,6467318.40174478
2020-10-27 20:30:00,30.47431592,30.79923424,30.22496,30.46675968,5299662.26588886
2020-10-28 20:30:00,29.18975512,29.9227104,29.16685971,29.32576744,7453054.69386891
2020-10-29 20:30:00,28.7514932,29.25776128,28.24522512,28.79683064,8520684.89089812
2020-10-30 20:30:00,28.69859952,28.89506176,27.93541928,28.50969352,6708292.74877452
2020-11-02 21:30:00,28.78171816,28.78171816,27.64828216,27.98075672,7147738.82248314
2020-11-03 21:30:00,28.43413112,28.77794004,28.19233144,28.32078752,5712707.6429547
2020-11-04 21:30:00,28.57014344,28.66081832,27.7314008,28.34345624,5531682.42406276
2020-11-05 21:30:00,28.524806,29.65068576,28.50969352,29.5826796,6017138.15336728
2020-11-06 21:30:00,29.6960232,30.27407556,29.5448984,30.08139144,4034416.58814437
2020-11-09 21:30:00,31.358396,32.46160704,31.10148384,31.34328352,7884310.18601844
2020-11-10 21:30:00,31.2828336,31.6606456,30.91257784,31.18460248,5242913.14198596
2020-11-11 21:30:00,31.48685208,31.68323876,30.4970602,30.6783344,4820364.36111082
2020-11-12 21:30:00,30.43653472,30.57254704,29.43911104,29.70357944,5384589.42542852
2020-11-13 21:30:00,30.0738352,31.41128968,29.9604916,31.33572728,6597384.41341196
2020-11-16 21:30:00,32.21980736,32.93765016,31.87977656,32.93009392,7358571.19413889
2020-11-17 21:30:00,32.50694448,32.62028808,31.85710784,32.28025728,4846368.03489566
2020-11-18 21:30:00,32.35581968,32.81675032,32.09135128,32.10646376,5170621.89660466
2020-11-19 21:30:00,31.84199536,32.24247608,31.5850832,32.19713864,3457697.21448763
2020-11-20 21:30:00,32.17446992,32.61273184,32.0384576,32.05357008,3420156.05645136
2020-11-23 21:30:00,32.32559472,33.80661776,32.19713864,33.61015552,7669230.99319238
2020-11-24 21:30:00,34.07108616,34.7209228,33.7386116,34.63780416,6001116.95764031
2020-11-25 21:30:00,34.38844824,34.47912312,33.58756236,34.19954224,4245136.46999037
2020-11-27 21:30:00,34.22221096,34.92494128,34.22221096,34.6453604,2803652.34561104
2020-11-30 21:30:00,34.73603528,35.16674096,33.80661776,33.91240512,6397541.6344637
2020-12-01 21:30:00,34.35822328,36.35979569,34.27510464,35.71834648,8903142.30357956
2020-12-02 21:30:00,35.63522784,36.20950208,35.46143432,36.05837728,5976476.39566769
2020-12-03 21:30:00,36.36062688,37.03328336,35.99792736,36.63265152,6226096.5771336
2020-12-04 21:30:00,37.025576,39.15643568,36.95756984,39.103542,8541766.80465417
2020-12-07 21:30:00,39.24348356,39.66270376,38.4990428,38.64261136,6247590.07125237
2020-12-08 21:30:00,38.39325544,39.64003504,38.36174592,39.60981008,4766700.10481404
2020-12-09 21:30:00,39.7458224,40.20675304,38.2345744,38.6123864,6175380.87726171
2020-12-10 21:30:00,37.76986564,39.26222304,37.71319384,38.99775464,4950346.99797783
2020-12-11 21:30:00,38.29502432,39.07331704,38.20434944,38.60483016,4148311.85880809
2020-12-14 21:30:00,39.13754508,39.58963492,38.56704896,38.64261136,4759457.08447588
2020-12-15 21:30:00,39.42846032,40.49389016,39.20177312,40.48633392,6473698.55907171
2020-12-16 21:30:00,40.57806667,40.75835856,39.94228464,40.06318448,3950675.20354039
2020-12-17 21:30:00,40.3125404,40.43344024,39.94379589,40.39565904,3966881.67660106
2020-12-18 21:30:00,40.53235142,41.24951416,40.01784704,40.19164056,9234768.8797603
2020-12-21 21:30:00,39.00153276,39.64003504,38.8768548,39.45112904,5052040.43280785
2020-12-22 21:30:00,39.45112904,39.58336324,37.53940032,37.56962528,5446401.91417954
2020-12-23 21:30:00,37.7434188,38.2345744,37.33538184,37.72830632,3554000.4023165
2020-12-24 21:30:00,38.01544344,38.064559,37.2900444,37.72075008,1620542.75671498
2020-12-28 21:30:00,38.22701816,38.51415528,37.50161912,37.82653744,3657111.20874933
2020-12-29 21:30:00,38.26479936,38.26479936,36.44374552,36.48908296,6117295.10973712
2020-12-30 21:30:00,36.48152672,38.00033096,36.48152672,37.42605672,5247824.31473855
2020-12-31 21:30:00,37.7056376,42.2771628,37.63763144,41.85401336,20486128.02134395
2021-01-04 21:30:00,41.5215388,41.80111968,39.32267296,39.46624152,9923222.3963241
2021-01-05 21:30:00,39.79115984,40.81125224,39.7836036,40.09340944,5121575.0161456
2021-01-06 21:30:00,40.08207508,41.2570704,39.77604736,40.35787784,5983240.34175728
2021-01-07 21:30:00,40.87661372,41.85401336,40.73568984,41.36285776,5828985.05076599
2021-01-08 21:30:00,41.85401336,41.8993508,38.74084248,39.15643568,9984288.48210221
2021-01-11 21:30:00,38.4234804,39.43987024,38.24213064,38.95997344,4685052.35408087
2021-01-12 21:30:00,38.90707976,39.08842952,37.592294,37.7056376,6519882.9047251
2021-01-13 21:30:00,37.39583176,37.592294,36.73843888,37.38071928,8516342.7842419
2021-01-14 21:30:00,37.44872544,38.63505512,36.98023856,38.06078088,6096573.16337226
2021-01-15 21:30:00,37.92476856,39.38312288,37.76608752,38.69550504,7764171.06920903
2021-01-19 21:30:00,38.89952352,39.41334784,38.3101368,39.28489176,4773961.65288556
2021-01-20 21:30:00,39.73070992,39.98762208,38.82108975,39.15643568,3887498.27956762
2021-01-21 21:30:00,39.19421688,40.68264504,39.16399192,40.43344024,5765303.90776365
2021-01-22 21:30:00,39.35289792,39.56447264,37.90209984,38.31769304,6931154.91302553
2021-01-25 21:30:00,38.3101368,38.80884864,37.90973164,38.74839872,4315609.35068235
2021-01-26 21:30:00,39.13376696,39.7458224,38.90330164,39.33778544,4839312.93871026
2021-01-27 21:30:00,38.536824,41.89179456,38.37058672,40.19164056,11500641.85362032
2021-01-28 21:30:00,40.4636652,40.71302112,39.34836418,39.7836036,8920208.99283242
2021-01-29 21:30:00,44.32490384,45.85126432,41.64999488,42.63986232,20508092.64925413
2021-02-01 21:30:00,43.06301176,43.79596704,42.63986232,43.51638616,6088088.78489831
2021-02-02 21:30:00,44.2795664,44.58937224,43.44082376,43.75818584,5326737.90139011
2021-02-03 21:30:00,43.81107952,44.36268504,43.23680528,43.5995048,4021456.43865203
2021-02-04 21:30:00,44.00754176,44.88784372,43.87152944,44.77827824,4366294.61213514
2021-02-05 21:30:00,44.96718424,45.55657096,44.76316576,45.14097776,3975870.27410458
2021-02-08 21:30:00,45.21654016,47.09804392,45.1863152,46.93936288,6092040.48574423
2021-02-09 21:30:00,47.12071264,47.30961864,46.37793425,46.61444456,2682021.74626534
2021-02-10 21:30:00,47.1131564,47.415406,45.19387144,45.63213336,4797743.32207553
2021-02-11 21:30:00,47.42296224,48.91909776,46.90158168,48.32593292,9523584.48117053
2021-02-12 21:30:00,48.6999668,50.88372016,48.23525804,49.54626568,7347537.92891703
2021-02-16 21:30:00,51.382432,51.59400672,49.3800284,50.36989584,8387870.15764454
2021-02-17 21:30:00,49.72270388,51.97174316,49.63694056,50.8534952,7960557.10247425
2021-02-18 21:30:00,50.23388352,52.7425552,50.18098984,51.91892504,8340002.43507353
2021-02-19 21:30:00,53.2337108,53.67197272,51.193526,52.04738112,5977835.53725133
2021-02-22 21:30:00,51.193526,52.50831176,51.193526,51.27664464,4817399.92377161
2021-02-23 21:30:00,49.6444968,50.95172632,47.5287496,50.7401516,5840852.0639895
2021-02-24 21:30:00,51.47310688,53.71353204,50.86105144,53.29416072,8157886.72673181
2021-02-25 21:30:00,53.07427414,53.54351664,50.68000393,51.22375096,4994509.17387484
2021-02-26 21:30:00,51.53370792,53.13547968,50.95928256,51.78291272,6380251.28900088
2021-03-01 21:30:00,53.33194192,55.14543952,52.90123624,54.56360904,8716456.86214308
2021-03-02 21:30:00,54.37470304,54.9338648,52.50075552,52.54609296,5977877.88635618
2021-03-03 21:30:00,52.69132389,54.51071536,51.88114384,52.64432408,8527843.21302659
2021-03-04 21:30:00,52.48178936,52.60654288,47.34392397,47.97456776,12240413.22139053
2021-03-05 21:30:00,51.09529488,52.37985568,48.80575416,51.43532568,12175191.62969943
2021-03-08 21:30:00,52.86345504,53.7815382,51.97937496,52.03226864,9181090.06595873
2021-03-09 21:30:00,52.95412992,53.44528552,52.01337804,52.38741192,6503771.71715033
2021-03-10 21:30:00,52.52342424,52.8181176,50.24143976,50.30944592,6802002.05393159
2021-03-11 21:30:00,51.69979408,52.43274936,51.10285112,51.90381256,5749240.36293183
2021-03-12 21:30:00,51.382432,52.515868,51.01217624,51.73757528,3885404.6456968
2021-03-15 20:30:00,51.71490656,51.85091888,50.30188968,51.8358064,4564747.81108064
2021-03-16 20:30:00,52.69948463,54.28402816,52.38741192,52.71988648,7433604.54405895
2021-03-17 20:30:00,52.28162456,54.0572654,52.1758372,53.8759912,4376937.4715467
2021-03-18 20:30:00,53.29416072,54.55597724,52.00959992,52.26651208,5980499.56062804
2021-03-19 20:30:00,52.81056136,54.80540872,52.41008064,53.33194192,9089704.66793008
2021-03-22 20:30:00,53.649304,53.99689104,52.71988648,53.14303592,4328756.10091792
2021-03-23 20:30:00,52.89368,53.26393576,48.8888728,49.46314704,9301278.14892063
2021-03-24 20:30:00,50.10542744,50.5512456,48.0199052,48.10302384,6383938.30794152
2021-03-25 20:30:00,47.12826888,48.6621856,46.63711328,48.3977172,4655494.00230803
2021-03-26 20:30:00,49.47070328,50.87616392,49.0022164,50.83838272,4660624.861042
2021-03-29 20:30:00,50.68725792,51.32953832,49.1533412,49.3800284,4811940.85947508
2021-03-30 20:30:00,49.28179728,49.78050912,48.67729808,49.46314704,3514328.55494267
2021-03-31 20:30:00,49.33597552,50.84593896,48.82842288,50.437902,6720383.418208
2021-04-01 20:30:00,53.20348584,54.09512216,52.34963072,53.92888488,9425633.64848126
2021-04-05 20:30:00,54.17068456,54.83563368,53.36972312,54.43515296,6210385.05923581
2021-04-06 20:30:00,53.55862912,55.16810824,53.4226168,55.02453968,5834804.08245371
2021-04-07 20:30:00,55.160552,56.41488784,54.2915844,54.57116528,4768527.73337004
2021-04-08 20:30:00,55.31923304,55.72349188,54.2538032,55.11521456,3733638.68802473
2021-04-09 20:30:00,55.11521456,55.31371698,54.53330852,55.10765832,3113940.26658762
2021-04-12 20:30:00,54.91875232,54.96408976,53.78531632,53.97422232,3662218.24611182
2021-04-13 20:30:00,53.79287256,53.97422232,52.65943656,52.7425552,4754650.46107588
2021-04-14 20:30:00,52.42519312,53.21859832,51.8358064,51.90381256,3935777.58250135
2021-04-15 20:30:00,52.59898664,52.59898664,51.59400672,51.93403752,4557813.14516215
2021-04-16 20:30:00,52.37985568,53.271492,52.0247124,52.05493736,4048004.03375224
2021-04-19 20:30:00,52.1758372,52.76522392,51.01973248,51.61667544,4656364.80577642
2021-04-20 20:30:00,51.63934416,51.9869312,50.95172632,51.36731952,3567260.96577134
2021-04-21 20:30:00,50.7779328,52.50075552,50.5512456,52.48564304,3891017.2254984
2021-04-22 20:30:00,52.50831176,52.53853672,49.82584656,50.06764624,6612342.91128921
2021-04-23 20:30:00,50.56635808,51.71014613,49.87874024,51.43532568,4114887.82780854
2021-04-26 20:30:00,52.11538728,54.39737176,52.0624936,53.95910984,7291089.21897664
2021-04-27 20:30:00,54.42004048,54.88097112,53.5737416,54.7449588,4612374.67311785
2021-04-28 20:30:00,54.72984632,55.02453968,53.03724856,53.3470544,6778019.2264936
2021-04-29 20:30:00,54.05734096,54.28402816,52.65188032,53.74753512,7640923.26342202
2021-04-30 20:30:00,55.22855816,56.4451128,52.69721776,53.36972312,14577329.46544842
2021-05-03 20:30:00,53.83821,54.26891568,52.3647432,52.98435488,6272074.47090087
2021-05-04 20:30:00,52.4403056,52.4899501,49.79939972,50.83838272,8666602.70187289
2021-05-05 20:30:00,51.6846816,52.19094968,51.18596976,51.82069392,4446924.66094248
2021-05-06 20:30:00,51.82069392,52.65188032,51.27626683,52.59898664,4302298.49766551
2021-05-07 20:30:00,52.89368,54.27647192,52.326962,54.1404596,5565834.33030184
2021-05-10 20:30:00,54.20846576,54.26135944,51.82069392,51.85091888,5826401.7553704
2021-05-11 20:30:00,50.58978242,51.7980252,50.04497752,51.4957756,6356886.49381174
2021-05-12 20:30:00,50.61169552,50.90638888,48.42794216,48.64707312,5689930.44159529
2021-05-13 20:30:00,49.0777788,50.91394512,48.99466016,50.15076488,4269303.25135252
2021-05-14 20:30:00,51.27664464,54.57116528,50.64192048,54.30669688,9534437.76269679
2021-05-17 20:30:00,53.8004288,58.59108496,53.8004288,57.74478608,22445038.80236732
2021-05-18 20:30:00,58.34928528,58.53819128,55.25122688,55.31923304,9617669.6346331
2021-05-19 20:30:00,53.00725029,54.35959056,51.25397592,53.84576624,9478887.64782484
2021-05-20 20:30:00,55.22855816,55.43257664,53.55862912,55.1227708,6915127.10025092
2021-05-21 20:30:00,54.65428392,55.72727,54.41248424,54.66184016,6402808.8043789
2021-05-24 20:30:00,55.02453968,56.4451128,54.76007128,55.84816984,4699341.20673774
2021-05-25 20:30:00,56.30154424,56.30154424,54.7449588,55.1983332,5377544.91651933
2021-05-26 20:30:00,55.62148264,56.71713744,55.24367064,56.49045024,4873820.84211195
2021-05-27 20:30:00,56.47533776,57.94124832,56.36199416,57.32163664,5579019.45941368
2021-05-28 20:30:00,57.238518,57.51054264,56.58868136,56.84559352,3262532.6882153
2021-06-01 20:30:00,57.3518616,57.72211736,56.7473624,57.0873932,2688584.53410691
2021-06-02 20:30:00,57.51809888,58.84044088,57.17051184,57.8807984,5037496.16211237
2021-06-03 20:30:00,57.18562432,58.68175984,57.17806808,58.01681072,3885093.64445809
2021-06-04 20:30:00,58.47018512,59.08224056,58.07726064,58.31150408,3457686.62721142
2021-06-07 20:30:00,58.13536813,58.28883536,57.25370604,57.52565512,2807528.61211396
2021-06-08 20:30:00,58.2963916,58.53819128,56.46778152,57.2007368,5474111.46284396
2021-06-09 20:30:00,57.2007368,57.38208656,56.105082,56.56601264,2950075.69902491
2021-06-10 20:30:00,56.67935624,56.9362684,55.48547032,55.58370144,3689635.3212709
2021-06-11 20:30:00,57.15539936,57.6918924,56.15041944,56.50556272,4293143.15056166
2021-06-14 20:30:00,56.83803728,57.05996405,56.00685088,56.45266904,3383825.81813177
2021-06-15 20:30:00,56.45266904,57.21584928,56.23353808,56.61135008,2599249.0974347
2021-06-16 20:30:00,56.27887552,56.5206752,54.86963676,55.36457048,4412975.23636094
2021-06-17 20:30:00,54.9338648,55.50813904,53.05236104,53.47551048,6508362.62479752
2021-06-18 20:30:00,52.8558988,52.94657368,51.66956912,52.49319928,6490385.42979048
2021-06-21 20:30:00,52.515868,52.75011144,51.66201288,52.2891808,4158757.53020021
2021-06-22 20:30:00,51.79046896,52.00952436,51.03484496,51.73001904,4410516.34146083
2021-06-23 20:30:00,51.82825016,53.29416072,51.82825016,52.31940576,3872803.14018612
2021-06-24 20:30:00,53.02969232,53.177039,52.08516232,52.73499896,4228952.49489164
2021-06-25 20:30:00,52.86345504,53.82309752,52.704774,53.460398,3853724.86845309
2021-06-28 20:30:00,54.01955976,54.06111908,52.37229944,52.88612376,3928668.22652536
2021-06-29 20:30:00,53.1581484,53.8683594,52.45541808,53.3848356,4004710.01450457
2021-06-30 20:30:00,53.649304,54.51071536,53.11281096,53.77776008,4039609.64712608
2021-07-01 20:30:00,54.0648972,54.34447808,53.3470544,53.54351664,3854102.04016813
2021-07-02 20:30:00,53.89865992,53.89865992,52.47053056,53.05236104,3578038.81295459
2021-07-06 20:30:00,53.05236104,53.2337108,51.571338,52.2513996,4019841.87902978
2021-07-07 20:30:00,52.52342424,53.02213608,51.57889424,52.38741192,3382831.93757742
2021-07-08 20:30:00,50.45301448,51.82069392,50.06764624,51.24641968,3736836.04544059
2021-07-09 20:30:00,51.56378176,53.16570464,51.54111304,53.02213608,4009713.82592401
2021-07-12 20:30:00,53.16570464,53.73242264,52.68210528,53.56618536,4006587.93262257
2021-07-13 20:30:00,53.1203672,53.63419152,52.50831176,52.95412992,3338082.16785068
2021-07-14 20:30:00,53.93644112,54.5182716,52.60654288,52.90123624,4293890.87694409
2021-07-15 20:30:00,52.67454904,52.83323008,50.36989584,50.55880184,6233348.86133844
2021-07-16 20:30:00,50.50590816,50.8534952,48.3032642,48.5110608,5321968.33345685
2021-07-19 20:30:00,47.52497148,47.83855544,46.93180664,47.59675576,5394706.89125809
2021-07-20 20:30:00,47.4531872,48.99466016,47.12071264,48.84353536,4714298.38120547
2021-07-21 20:30:00,48.6999668,49.25157232,46.470876,48.6999668,8828325.99282183
2021-07-22 20:30:00,48.6621856,48.6621856,47.05270648,47.6420932,5595752.64946587
2021-07-23 20:30:00,47.9443428,48.25414864,47.21138752,48.17103,3586243.95201846
2021-07-26 20:30:00,48.14836128,49.4555908,48.0199052,48.56395448,2916566.96981568
2021-07-27 20:30:00,47.7554368,48.08413324,46.00994536,47.12071264,5196648.06835146
2021-07-28 20:30:00,47.21894376,48.48839208,47.21894376,47.99723648,3538975.73396292
2021-07-29 20:30:00,48.33726728,49.2666848,47.98968024,48.70752304,3455786.21113146
2021-07-30 20:30:00,48.11813632,49.40269712,48.04257392,49.06266632,3212538.24653531
2021-08-02 20:30:00,49.57649064,50.45301448,48.78686356,48.88131656,3494318.60290303
2021-08-03 20:30:00,49.11556,50.05253376,48.2843736,49.97697136,3901006.3206039
2021-08-04 20:30:00,49.2666848,50.0223088,48.99466016,49.07022256,6623626.30091156
2021-08-05 20:30:00,49.01732888,50.83838272,48.82842288,50.67970168,8584954.95113972
2021-08-06 20:30:00,51.06506992,52.01700504,50.50590816,51.95670624,5921287.57159646
2021-08-09 20:30:00,51.97181872,51.97937496,50.45301448,51.08773864,5245084.85701884
2021-08-10 20:30:00,50.87616392,50.98950752,49.3422472,49.493372,9487963.59035711
2021-08-11 20:30:00,49.61427184,50.55880184,49.16467556,50.41523328,6697802.0814585
2021-08-12 20:30:00,49.35735968,49.35735968,45.86773692,47.13582512,15560109.2606905
2021-08-13 20:30:00,47.09804392,48.42794216,47.05270648,47.7176556,6569396.948747
2021-08-16 20:30:00,47.037594,48.01234896,46.60688832,46.7353444,4658507.40579971
2021-08-17 20:30:00,46.17240452,47.1131564,45.6019084,46.19885136,4882890.16759658
2021-08-18 20:30:00,46.34997616,47.34739984,46.07039528,46.10062024,4033388.29894233
2021-08-19 20:30:00,45.84370808,46.0552828,44.81605944,45.01252168,5946094.88316941
2021-08-20 20:30:00,45.1863152,45.51123352,44.60448472,45.36766496,4056035.80616815
2021-08-23 20:30:00,45.88904552,47.23027812,45.526346,47.06026272,3497695.94401448
2021-08-24 20:30:00,46.81846304,46.91669416,44.770722,45.91171424,7860307.50743756
2021-08-25 20:30:00,46.11573272,52.88612376,45.99483288,49.493372,23530278.28655522
2021-08-26 20:30:00,50.01475256,50.09220402,46.96958784,47.27939368,9551672.5249595
2021-08-27 20:30:00,46.84113176,48.47705772,46.79775894,47.78566176,4501696.61101289
2021-08-30 20:30:00,48.0954676,48.22392368,46.67489448,46.90158168,3866145.06685865
2021-08-31 20:30:00,47.06026272,48.51861704,46.70511944,47.7554368,5121995.860375
2021-09-01 20:30:00,48.0576864,48.06524264,46.08172964,46.12328896,6912359.85093115
2021-09-02 20:30:00,46.12729377,46.83357552,45.4507836,46.57666336,5809185.52084105
2021-09-03 20:30:00,46.87135672,47.2642812,45.94949544,46.40286984,3489073.93094979
2021-09-07 20:30:00,45.87393304,46.659782,45.54145848,45.6396896,3561874.68899876
2021-09-08 20:30:00,45.2807682,45.2807682,43.31236768,43.88664192,6978379.4585667
2021-09-09 20:30:00,43.5995048,44.92940304,43.24436152,44.38535376,6357765.23773729
2021-09-10 20:30:00,44.8840656,45.15609024,43.71662652,43.80352328,3283793.26225742
2021-09-13 20:30:00,44.12088536,44.69893772,43.80352328,44.21156024,3218058.18767006
2021-09-14 20:30:00,44.21609398,44.3551288,43.31992392,43.47860496,3503255.58743502
2021-09-15 20:30:00,43.26703024,44.44580368,43.26703024,44.02265424,5132865.02281558
2021-09-16 20:30:00,43.8639732,44.4306912,43.65995472,44.03776672,3081801.26623824
2021-09-17 20:30:00,43.72796088,44.0528792,43.3917082,43.76574208,4799611.97632685
2021-09-20 20:30:00,42.63230608,43.1083492,42.0126944,42.78343088,4530102.2730882
2021-09-21 20:30:00,42.9572244,43.259474,41.91446328,41.91446328,3716156.44818058
2021-09-22 20:30:00,42.45851256,43.1083492,42.11848176,42.75320592,2922948.45055213
2021-09-23 20:30:00,42.86654952,43.66751096,42.11092552,43.44082376,3147120.7902343
2021-09-24 20:30:00,43.13857416,43.93197936,42.78343088,43.78085456,2436936.8892465
2021-09-27 20:30:00,43.6750672,45.21654016,43.53149864,44.62715344,3349860.51263591
2021-09-28 20:30:00,44.3551288,44.64982216,43.56927984,44.06799168,3643403.33287455
2021-09-29 20:30:00,43.8639732,44.1662228,42.7683184,42.8438808,4845142.55767419
2021-09-30 20:30:00,43.26703024,43.44838,42.62474984,42.64741856,3699952.62193895
2021-10-01 20:30:00,43.09323672,43.31236768,41.9749132,43.13857416,2838447.42887997
2021-10-04 20:30:00,43.01011808,43.7128484,42.73431532,43.0327868,3461836.83948631
2021-10-05 20:30:00,43.22924904,43.53897932,42.48118128,43.04034304,3076433.51719903
2021-10-06 20:30:00,42.19404416,42.89677448,41.64243864,42.63986232,4753243.67674928
2021-10-07 20:30:00,42.87410576,43.7695202,42.87410576,43.36526136,2590627.08437
2021-10-08 20:30:00,43.6750672,43.73551712,42.70786848,42.76076216,2109895.92707484
2021-10-11 20:30:00,42.76076216,43.23680528,42.41317512,42.44340008,2019751.88718198
2021-10-12 20:30:00,42.45851256,42.5794124,40.50900264,40.9548208,6026399.37323325
2021-10-13 20:30:00,41.26462664,42.05803184,40.84903344,40.96237704,3896313.51042317
2021-10-14 20:30:00,41.4459764,43.11590544,41.19662048,42.7305372,4549045.55704954
2021-10-15 20:30:00,42.11848176,42.53407496,41.6726636,41.86912584,4497709.17810975
2021-10-18 20:30:00,41.68021984,42.2393816,41.226921,41.8615696,2088244.94722243
2021-10-19 20:30:00,41.61976992,42.14870672,41.25329228,42.0504756,5136451.46263221
2021-10-20 20:30:00,41.46108888,42.90433072,41.22684544,42.62474984,4804159.21145967
2021-10-21 20:30:00,42.13359424,42.97989312,41.89179456,42.9194432,2605564.40769483
2021-10-22 20:30:00,43.41437692,44.52136608,42.7305372,43.1083492,4690430.69039628
2021-10-25 20:30:00,43.58439232,43.6750672,42.787209,42.94211192,2714637.17404423
2021-10-26 20:30:00,43.08568048,43.2216928,42.5416312,42.55674368,2657160.1749018
2021-10-27 20:30:00,42.62474984,42.63578195,41.49887008,41.92201952,3220194.17064572
2021-10-28 20:30:00,42.20915664,43.32748016,42.19404416,43.28214272,5442619.609753
2021-10-29 20:30:00,37.72075008,40.425884,37.40346356,39.51157896,24139757.33962924
2021-11-01 20:30:00,39.4057916,41.4081952,39.39067912,40.93970832,5581780.09168581
2021-11-02 20:30:00,41.09838936,41.83890088,40.78102728,41.58198872,3963144.36809842
2021-11-03 20:30:00,41.6726636,42.2771628,41.20493234,42.14115048,5420621.89660466
2021-11-04 20:30:00,42.30738776,42.30738776,41.0209379,41.58954496,4453586.70449853
2021-11-05 20:30:00,41.92383302,42.84335186,41.68732271,42.45095632,3711656.85579071
2021-11-08 21:30:00,42.74564968,43.637286,41.99002568,42.14870672,4405847.35265158
2021-11-09 21:30:00,42.14870672,42.9950056,42.0504756,42.50385,3586945.35906747
2021-11-10 21:30:00,42.29983152,42.70786848,41.46864512,41.75578224,4841865.79568674
2021-11-11 21:30:00,41.8615696,44.53647856,41.8615696,44.44580368,7063933.91422189
2021-11-12 21:30:00,45.12208716,47.16605008,44.70271584,45.76058944,11355502.20744709
2021-11-15 21:30:00,45.65480208,45.8663768,44.38535376,44.52892232,4318563.20074534
2021-11-16 21:30:00,44.51380984,44.83872816,43.87152944,44.18889152,3324816.31075773
2021-11-17 21:30:00,44.015098,44.1284416,42.11092552,42.68519976,6938769.81144061
2021-11-18 21:30:00,42.7683184,42.91422939,41.41575144,42.0882568,5372407.44073772
2021-11-19 21:30:00,42.0882568,43.49371744,41.58954496,42.33005648,5897210.78208209
2021-11-22 21:30:00,42.48873752,43.54661112,41.83890088,43.01767432,5072518.87181985
2021-11-23 21:30:00,44.88414116,46.25930128,44.63470968,45.73792072,11074624.4163764
2021-11-24 21:30:00,45.4130024,45.6396896,44.66493464,45.23920888,3138816.39545594
2021-11-26 21:30:00,43.9773168,44.17000092,42.96523401,43.64484224,3115976.99384879
2021-11-29 21:30:00,44.18889152,44.6573784,43.62595164,44.57425976,4633516.14030259
2021-11-30 21:30:00,43.89419816,44.59692848,42.83632456,43.70529216,6343134.94542259
2021-12-01 21:30:00,44.39291,45.904158,43.56927984,43.61461728,6613094.60790023
2021-12-02 21:30:00,43.50882992,43.61461728,42.5416312,43.0327868,4853282.84967127
2021-12-03 21:30:00,43.0327868,43.91686688,42.51140624,43.46349248,5399390.43757213
2021-12-06 21:30:00,43.68262344,44.09821664,42.2393816,43.11590544,4083114.08848846
2021-12-07 21:30:00,44.18889152,45.2618776,43.7506296,44.71027208,4995949.04343959
2021-12-08 21:30:00,44.70271584,44.90673432,43.9017544,44.581816,3551091.5481774
2021-12-09 21:30:00,44.00754176,44.30223512,43.08568048,43.31992392,3219785.23710205
2021-12-10 21:30:00,43.03656492,43.79596704,42.9383338,43.72796088,3063548.8020497
2021-12-13 21:30:00,43.7506296,43.99242928,42.0504756,42.11092552,5402100.78028226
2021-12-14 21:30:00,41.75200412,42.76076216,41.59785682,42.03536312,4147352.38690142
2021-12-15 21:30:00,41.99758192,42.7305372,41.1059456,42.5794124,4381504.55782241
2021-12-16 21:30:00,42.94211192,43.95464808,42.59452488,42.85143704,3776630.96990037
2021-12-17 21:30:00,42.75320592,43.47800046,42.0882568,42.9572244,6757049.8025473
2021-12-20 21:30:00,42.28313223,42.72298096,41.69533232,42.2393816,4987749.19801383
2021-12-21 21:30:00,43.84122892,44.6195972,43.26703024,44.59692848,4209302.51024319
2021-12-22 21:30:00,44.6195972,45.39788992,44.37024128,45.17875896,3863307.67683398
2021-12-23 21:30:00,45.33744,46.72778816,45.28454632,46.2441888,4842409.71700211
2021-12-27 21:30:00,46.51621344,47.25672496,46.4330948,46.91669416,2456627.89959027
2021-12-28 21:30:00,47.00736904,47.55519644,46.74667876,47.48341216,3029954.05122124
2021-12-29 21:30:00,48.65085124,50.80815776,48.5866232,49.96941512,11908969.27572444
2021-12-30 21:30:00,49.38758464,50.33589276,49.25920412,49.39514088,2980404.27514213
2021-12-31 21:30:00,49.36491592,49.9467464,49.24401608,49.27424104,2458362.88947942
2022-01-03 21:30:00,49.682278,50.15076488,49.14397146,49.81829032,3904194.41415307
2022-01-04 21:30:00,50.0223088,51.30309148,49.81073408,51.09529488,4966811.53589616
2022-01-05 21:30:00,51.08773864,52.41008064,50.67214544,50.67214544,7829134.59604248
2022-01-06 21:30:00,50.85727332,51.74513152,48.75286048,48.91909776,9943160.88424931
2022-01-07 21:30:00,48.85864784,50.04497752,48.75286048,49.74272792,5083811.52530888
2022-01-10 21:30:00,49.38758464,49.83718092,48.12508806,49.52359696,4074648.23774787
2022-01-11 21:30:00,49.493372,49.96185888,48.54128576,49.88629648,4811662.94347453
2022-01-12 21:30:00,50.2867772,50.9668388,49.57649064,50.27922096,2851525.36182016
2022-01-13 21:30:00,50.5890268,51.20108224,49.9845276,50.25655224,3472949.50927975
2022-01-14 21:30:00,49.95430264,50.95172632,49.84095904,50.35478336,2859895.92707484
2022-01-18 21:30:00,49.7578404,49.78806536,48.2277018,48.45061088,4075545.5094068
2022-01-19 21:30:00,48.97199144,49.9467464,46.75045688,46.80335056,4985165.90261823
2022-01-20 21:30:00,47.20005316,47.29450616,45.16364648,45.27699008,5060688.91406308
2022-01-21 21:30:00,44.83872816,45.17120272,43.46349248,43.68262344,6731473.59003949
2022-01-24 21:30:00,43.3350364,43.42571128,40.71302112,43.08568048,6439889.41589997
2022-01-25 21:30:00,41.98246944,42.36421068,40.78858352,41.62732616,6901562.152605
2022-01-26 21:30:00,42.71542472,42.72298096,40.9170396,41.24195792,6060317.03598615
2022-01-27 21:30:00,42.75320592,43.4294894,40.37299032,40.68279616,13511070.3206886
2022-01-28 21:30:00,37.09358216,39.32267296,36.73843888,37.7056376,26379438.71555165
2022-01-31 21:30:00,37.41094424,39.3680104,37.30515688,39.09598576,8644983.48384911
2022-02-01 21:30:00,38.82396112,39.88183472,38.19301508,39.72315368,5966725.51427694
2022-02-02 21:30:00,39.72315368,40.5014464,39.292448,40.38054656,5571708.94518967
2022-02-03 21:30:00,39.71559744,40.49389016,39.47379776,39.51157896,6755354.51494394
2022-02-04 21:30:00,39.28489176,39.67026,38.43103664,39.14887944,4458656.68639429
2022-02-07 21:30:00,39.26222304,39.5569164,38.79373616,39.1791044,4184234.48699353
2022-02-08 21:30:00,39.01286712,39.77982548,38.98264216,39.57202888,3656651.98564365
2022-02-09 21:30:00,39.98006584,41.20417672,39.91205968,41.16639552,4170268.5462611
2022-02-10 21:30:00,40.45762021,43.01767432,40.38054656,40.87170216,8258191.90496861
2022-02-11 21:30:00,40.7659148,41.95980072,40.41077152,40.59967752,5905197.55857411
2022-02-14 21:30:00,40.62990248,41.18906424,39.68537248,39.94228464,4689235.65159391
2022-02-15 21:30:00,40.18408432,42.26582844,40.12967939,42.21671288,4311841.6037606
2022-02-16 21:30:00,41.60155938,43.15368664,41.51398256,42.60963736,3508547.90213122
2022-02-17 21:30:00,42.17893168,43.49371744,42.04382611,42.6549748,5017506.06121563
2022-02-18 21:30:00,42.47362504,42.58696864,41.27218288,41.95980072,4593710.62856659
2022-02-22 21:30:00,41.39308272,41.71800104,39.72315368,40.36543408,4560927.12777784
2022-02-23 21:30:00,40.8414772,40.92837396,39.11865448,39.27733552,3820846.08217844
2022-02-24 21:30:00,37.60740648,39.2168856,37.1767008,39.16399192,5720146.52790277
2022-02-25 21:30:00,39.4435728,40.048072,38.67283632,40.0102908,4118152.67911025
2022-02-28 21:30:00,39.3302292,39.57958512,37.84164992,38.49148656,6282398.38861656
2022-03-01 21:30:00,38.4234804,38.8390736,36.51175168,37.39583176,5663398.7274094
2022-03-02 21:30:00,37.97766224,39.45112904,37.78875624,39.17154816,4614316.11489312
2022-03-03 21:30:00,39.56447264,40.1991968,38.8012924,39.30756048,5936886.5996845
2022-03-04 21:30:00,38.67283632,39.0279796,37.72830632,37.98521848,4979673.75308355
2022-03-07 21:30:00,37.52428784,37.970106,35.11006916,35.21963464,6279390.27876298
2022-03-08 21:30:00,35.43120936,36.81400128,34.54712928,34.58491048,6951011.3495601
2022-03-09 21:30:00,35.59744664,36.78377632,35.52188424,36.09615848,4515470.65736398
2022-03-10 21:30:00,35.325422,35.46014976,34.6075792,35.20452216,3657190.61332091
2022-03-11 21:30:00,35.72968084,35.7410152,34.10886736,34.2297672,3844883.16940701
2022-03-14 20:30:00,34.2297672,34.3053296,33.1341124,33.60259928,4329061.80851852
2022-03-15 20:30:00,33.78394904,34.78137272,33.7008304,34.71336656,3155685.89668936
2022-03-16 20:30:00,35.15918472,36.46641424,35.11384728,36.458858,4616543.41312611
2022-03-17 20:30:00,36.02059608,36.94245736,35.74857144,36.91978864,3252259.06006162
2022-03-18 20:30:00,36.50419544,37.29760064,36.33418004,37.2522632,5601824.45237314
2022-03-21 20:30:00,37.37316304,37.50917536,36.52686416,36.9877948,2558044.74182927
2022-03-22 20:30:00,37.0633572,37.71334496,37.0633572,37.57718152,2715496.06682689
2022-03-23 20:30:00,37.0633572,37.53184408,36.61753904,36.78377632,2260081.73377235
2022-03-24 20:30:00,36.8744512,38.20434944,36.81400128,38.159012,2697017.29960933
2022-03-25 20:30:00,38.0834496,38.40836792,37.3278256,38.39325544,3603482.68450976
2022-03-28 20:30:00,38.16656824,38.31769304,37.56962528,38.3101368,2998099.58392005
2022-03-29 20:30:00,39.292448,39.51157896,38.32524928,39.20932936,3775600.03387928
2022-03-30 20:30:00,39.1413232,39.38312288,38.00033096,38.24968688,3859977.97846548
2022-03-31 20:30:00,37.87943112,38.29502432,37.5167316,37.5167316,3868688.65996845
2022-04-01 20:30:00,37.87943112,38.16656824,35.98281488,36.56464536,4778481.09641833
2022-04-04 20:30:00,36.7988888,37.31271312,36.52308604,37.28248816,3723087.1438705
2022-04-05 20:30:00,36.8744512,37.1389196,36.25483952,36.36062688,7861930.00751697
2022-04-06 20:30:00,35.68812152,36.32549036,34.8720476,36.16416464,6192403.89400019
2022-04-07 20:30:00,36.14149592,36.3077332,35.17807532,36.08860224,4829445.59728119
2022-04-08 20:30:00,35.88458376,36.3832956,35.60500288,35.6654528,3301557.3883307
2022-04-11 20:30:00,35.4387656,36.4966392,35.33297824,35.52944048,3184327.12566038
2022-04-12 20:30:00,36.0432648,36.58353596,35.83924632,35.89214,3936043.58781616
2022-04-13 20:30:00,35.96014616,36.59487032,35.96014616,36.16416464,3073324.82822144
2022-04-14 20:30:00,35.09117856,35.95258992,34.95516624,35.01561616,6278620.0544186
2022-04-18 20:30:00,34.85693512,35.80902136,34.77381648,35.72590272,4254931.02389548
2022-04-19 20:30:00,35.72590272,37.0633572,35.5898904,36.9877948,4114126.86733084
2022-04-20 20:30:00,37.35805056,38.27991184,37.3278256,37.403388,4673587.65735339
2022-04-21 20:30:00,37.72075008,38.56327084,37.69430324,37.96254976,5983266.80994781
2022-04-22 20:30:00,37.54695656,38.01393219,37.26737568,37.37316304,5634573.5445142
2022-04-25 20:30:00,36.98023856,38.61994264,36.90467616,38.54438024,7219410.71220607
2022-04-26 20:30:00,37.970106,38.60483016,37.30515688,37.46383792,8094962.57397859
2022-04-27 20:30:00,37.05580096,38.37058672,37.05580096,37.8189812,6500513.48289626
2022-04-28 20:30:00,38.2723556,39.83649728,37.87943112,39.75337864,7677213.79945581
2022-04-29 20:30:00,40.1614156,41.2948516,39.98762208,40.10096568,10832089.769515
2022-05-02 20:30:00,40.11607816,40.79613976,39.20177312,40.74324608,7455132.44682541
2022-05-03 20:30:00,45.36766496,47.30961864,44.74049704,46.63711328,29071989.50800928
2022-05-04 20:30:00,46.89402544,47.80077424,45.91927048,47.49852464,8520442.70695478
2022-05-05 20:30:00,46.64466952,47.08293144,45.58679592,46.23663256,5922256.3073698
2022-05-06 20:30:00,45.93438296,46.470876,44.57803788,44.9218468,6132695.6263962
2022-05-09 20:30:00,43.8639732,45.69258328,42.4660688,42.71542472,6631534.99624152
2022-05-10 20:30:00,43.55114486,44.70294253,42.52651872,43.34259264,7259994.38874361
2022-05-11 20:30:00,43.31992392,44.8085032,42.00513816,42.126038,5591033.37109462
2022-05-12 20:30:00,41.34774528,42.43576828,40.992602,41.9749132,5619805.61760876
2022-05-13 20:30:00,42.6549748,44.33246008,42.6549748,44.1662228,4298395.76297206
2022-05-16 20:30:00,43.90931064,44.61204096,43.33881452,43.74307336,3837551.48063058
2022-05-17 20:30:00,44.6195972,46.59177584,44.60448472,46.23663256,6563629.53003081
2022-05-18 20:30:00,45.33744,46.31219496,44.44580368,44.6573784,3621710.00391729
2022-05-19 20:30:00,44.2795664,45.02763416,43.77329832,43.83374824,3193114.56491588
2022-05-20 20:30:00,44.34757256,44.46091616,41.748226,42.92699944,4165227.67937493
2022-05-23 20:30:00,43.16879912,43.87152944,43.070568,43.32748016,4133538.63826453
2022-05-24 20:30:00,42.87410576,43.1083492,41.9749132,42.7683184,2948304.97707855
2022-05-25 20:30:00,42.32250024,44.91429056,42.314944,44.6573784,4972162.08061152
2022-05-26 20:30:00,44.204004,46.2441888,44.18889152,45.85126432,3603155.80235673
2022-05-27 20:30:00,46.30463872,47.037594,46.13840144,47.037594,3373864.51462632
2022-05-31 20:30:00,46.6975632,47.00736904,45.05030288,45.85882056,4811051.52827332
2022-06-01 20:30:00,46.00994536,46.44065104,44.90673432,45.54901472,2667731.57019894
2022-06-02 20:30:00,45.78325816,47.10560016,45.70769576,46.79579432,3115077.07537082
2022-06-03 20:30:00,45.87393304,46.22907632,45.32232752,45.39788992,2347744.38080315
2022-06-06 20:30:00,45.98727664,46.1686264,45.00496544,45.12586528,3265761.8074598
2022-06-07 20:30:00,44.47602864,45.70013952,44.29467888,45.57923968,3186154.75421638
2022-06-08 20:30:00,47.49852464,47.604312,43.5995048,43.69017968,9529427.33422972
2022-06-09 20:30:00,43.35014888,43.90931064,42.67764352,42.75320592,5801200.06775857
2022-06-10 20:30:00,41.76333848,42.28471904,40.66768368,40.82636472,6191275.02567415
2022-06-13 20:30:00,39.24333244,39.65514752,37.9582427,38.05322464,6115643.49464813
2022-06-14 20:30:00,38.24968688,38.35547424,36.83667,37.20692576,5514978.34902015
2022-06-15 20:30:00,37.38298615,38.17412448,36.69310144,37.7434188,6012892.65560649
2022-06-16 20:30:00,36.63265152,36.63265152,34.7964852,35.0231724,8007730.03504389
2022-06-17 20:30:00,35.136516,35.53699672,34.20709848,35.0231724,8232955.80870909
2022-06-21 20:30:00,35.52944048,36.1377178,34.97783496,35.136516,6650769.43029867
2022-06-22 20:30:00,34.380892,35.27252832,34.08619864,34.39600448,5206445.26907563
2022-06-23 20:30:00,34.39600448,34.8720476,34.12397984,34.69825408,5424717.84908897
2022-06-24 20:30:00,34.9853912,36.06593352,34.82671016,35.56722168,3789244.38609679
2022-06-27 20:30:00,35.9299212,36.46641424,35.53699672,35.95258992,5579861.14787249
2022-06-28 20:30:00,36.13393968,36.61753904,35.24230336,35.31786576,2720781.76447545
2022-06-29 20:30:00,35.11384728,35.33297824,34.05597368,34.3053296,3433587.33973511
2022-06-30 20:30:00,33.625268,34.3997826,33.10388744,33.87462392,5512387.1131674
2022-07-01 20:30:00,32.70340672,33.31546216,31.45662712,32.80919408,7971851.07937281
2022-07-05 20:30:00,31.9817858,33.21723104,31.71353928,33.08877496,4644975.54339195
2022-07-06 20:30:00,33.00565632,33.30790592,32.44649456,33.07366248,3575965.03022667
2022-07-07 20:30:00,33.56481808,34.1353142,33.39102456,33.89729264,3309958.39200449
2022-07-08 20:30:00,33.56481808,34.58113236,33.45903072,34.18442976,4167330.57711243
2022-07-11 20:30:00,33.86706768,34.380892,33.29279344,33.86706768,4811542.51320763
2022-07-12 20:30:00,33.86706768,35.39342816,33.84439896,34.78137272,4677040.43280785
2022-07-13 20:30:00,33.8897364,35.12895976,33.88218016,34.99294744,3231586.07984924
2022-07-14 20:30:00,34.39600448,35.0231724,33.89525246,34.76626024,2588282.00268917
2022-07-15 20:30:00,35.6276716,35.88458376,34.54712928,35.82413384,3011358.82396536
2022-07-18 20:30:00,35.9677024,36.37573936,35.28008456,35.4387656,3904944.78735456
2022-07-19 20:30:00,36.13393968,36.86689496,35.96014616,36.69310144,3181161.53007316
2022-07-20 20:30:00,36.42863304,37.50161912,36.24728328,37.47139416,4772448.99579685
2022-07-21 20:30:00,37.56962528,38.1212308,36.86689496,38.10611832,3373613.0668163
2022-07-22 20:30:00,36.45507988,36.7988888,35.53699672,35.68056528,5490810.24424846
2022-07-25 20:30:00,35.79390888,36.3832956,35.05339736,35.39342816,6181391.80333076
2022-07-26 20:30:00,35.63522784,36.269952,35.41609688,35.4765468,3081012.51416048
2022-07-27 20:30:00,35.7410152,36.82911376,35.28008456,36.59487032,2847495.57981218
2022-07-28 20:30:00,36.61753904,36.82911376,35.37831568,36.81400128,3540669.69815676
2022-07-29 20:30:00,36.81400128,37.14647584,36.33040192,37.1011384,3396866.69560522
2022-08-01 20:30:00,37.0633572,38.10611832,36.41352056,37.11625088,3842141.06486824
2022-08-02 20:30:00,36.8744512,37.16158832,36.22461456,36.62509528,3149228.9816099
2022-08-03 20:30:00,36.88200744,37.592294,36.33795816,37.32026936,3625276.59259102
2022-08-04 20:30:00,37.31271312,37.8189812,36.7988888,37.71319384,4257580.4897674
2022-08-05 20:30:00,34.55468552,36.3455144,34.03330496,35.58233416,8003172.21263486
2022-08-08 20:30:00,35.34053448,36.78377632,35.19696592,35.95258992,7069610.01768075
2022-08-09 20:30:00,35.38587192,35.53699672,34.16100542,34.99294744,4786416.25993881
2022-08-10 20:30:00,35.83169008,36.52686416,35.60500288,36.02815232,3482591.87108933
2022-08-11 20:30:00,36.4966392,37.97766224,36.37573936,37.07091344,4770344.77464983
2022-08-12 20:30:00,37.28248816,38.4990428,37.13136336,38.28746808,3130811.09123056
2022-08-15 20:30:00,37.81142496,37.85298428,37.04832028,37.48650664,3090186.3889977
2022-08-16 20:30:00,37.19181328,37.65652204,37.08602592,37.20692576,2356132.15038167
2022-08-17 20:30:00,36.52837541,36.65532024,35.6654528,36.4210768,3179892.38033731
2022-08-18 20:30:00,36.50419544,37.19936952,36.269952,36.81400128,2556317.69239728
2022-08-19 20:30:00,36.47397048,36.4966392,35.82413384,36.02059608,2419891.37454607
2022-08-22 20:30:00,35.18185344,35.2876408,34.69825408,34.80404144,5404152.06504823
2022-08-23 20:30:00,34.86449136,35.55958988,34.55846364,34.6453604,2576843.77415222
2022-08-24 20:30:00,34.32950957,35.3065314,34.29021712,34.91738504,3036500.9581485
2022-08-25 20:30:00,35.26497208,36.48908296,35.23474712,36.20194584,3326990.67260966
2022-08-26 20:30:00,36.17172088,36.20194584,34.37333576,34.37333576,3381585.28580352
2022-08-29 20:30:00,33.99552376,34.50934808,33.74616784,33.82173024,2843588.87489016
2022-08-30 20:30:00,33.75372408,33.7763928,32.59006312,32.76385664,5501090.48944978
2022-08-31 20:30:00,32.05357008,32.491832,31.6984268,31.93267024,5685773.61227277
2022-09-01 20:30:00,30.82190296,31.86466408,30.51209712,31.72865176,9377941.93937726
2022-09-02 20:30:00,32.29536976,32.34818788,31.33746522,31.4717396,3773292.00766519
2022-09-06 20:30:00,31.3395054,31.64553312,30.61788448,30.95791528,4557363.18592316
2022-09-07 20:30:00,30.9050216,31.46040524,30.32319112,31.3206148,5408590.78059988
2022-09-08 20:30:00,31.10904008,32.09135128,30.70855936,32.04601384,5420591.45818555
2022-09-09 20:30:00,32.40115712,33.29279344,32.33315096,33.0963312,4665051.66590791
2022-09-12 20:30:00,33.31546216,33.61771176,32.55983816,32.69585048,6084281.33569077
2022-09-13 20:30:00,31.49440832,31.59641756,29.49200472,29.71113568,10980506.17767567
2022-09-14 20:30:00,29.71113568,29.87132797,28.52102788,28.96306792,7894646.01441987
2022-09-15 20:30:00,28.84216808,29.28798624,28.2036658,28.53991848,6767716.48333033
2022-09-16 20:30:00,28.01098168,28.42657488,27.44048556,28.12432528,9611879.71795496
2022-09-19 20:30:00,27.62561344,28.04120664,27.34225444,27.67095088,5173807.34333478
2022-09-20 20:30:00,27.1269016,27.26291392,26.40150256,26.85487696,7066867.91314199
2022-09-21 20:30:00,26.51484616,27.44426368,26.26549024,26.28060272,5719300.86921538
2022-09-22 20:30:00,26.11058732,26.2957152,25.3322946,25.55520368,6078572.14699374
2022-09-23 20:30:00,25.0867168,25.63832232,24.95826072,25.57031616,9898825.34170434
2022-09-26 20:30:00,25.26051032,25.52497872,24.4444364,24.4822176,6176419.75373996
2022-09-27 20:30:00,24.7844672,24.92803576,24.41421144,24.72401728,5066844.09177051
2022-09-28 20:30:00,24.72401728,25.32851648,24.58422684,25.0489356,4943297.19543053
2022-09-29 20:30:00,24.5199988,24.58422684,23.84824906,24.31598032,6013911.68094184
2022-09-30 20:30:00,24.27064288,25.65721292,24.27064288,24.5955612,8633422.17822621
2022-10-03 20:30:00,25.15472296,25.92545944,24.90536704,25.7289972,5492087.33444147
2022-10-04 20:30:00,26.43172752,27.580276,26.39772444,27.55005104,13476484.33612485
2022-10-05 20:30:00,27.18735152,28.55404865,27.06645168,28.08654408,9328666.10907012
2022-10-06 20:30:00,27.89763808,28.2225564,26.60174292,28.00342544,11984592.86629329
2022-10-07 20:30:00,27.57271976,29.4315548,26.71508652,27.00600176,12862780.95984246
2022-10-10 20:30:00,26.88510192,27.18735152,25.98590936,26.18992784,4847432.05615491
2022-10-11 20:30:00,26.15970288,27.44426368,25.70632848,26.31082768,7631148.5606598
2022-10-12 20:30:00,26.25037776,26.30704956,25.13961048,25.90279072,9957056.68427684
2022-10-13 20:30:00,25.09427304,27.04378296,24.76935472,26.5224024,7769497.79255291
2022-10-14 20:30:00,26.71886464,26.76420208,25.4267476,25.47964128,4064784.86654738
2022-10-17 20:30:00,26.11436544,26.31082768,25.1622792,25.60809736,5065576.26544419
2022-10-18 20:30:00,26.4090588,26.55262736,25.06404808,25.39652264,4771005.15600352
2022-10-19 20:30:00,25.09427304,25.69499412,24.98470756,25.20761664,5134009.77205594
2022-10-20 20:30:00,25.3889664,25.96324064,24.95070448,25.29073528,5392079.92334812
2022-10-21 20:30:00,25.17739168,26.36372136,25.00359816,26.34105264,8245881.54955375
2022-10-24 20:30:00,26.26549024,26.62818976,25.73277532,26.38639008,6042061.92497856
2022-10-25 20:30:00,26.40150256,26.83220824,26.28060272,26.66597096,7580192.0002541
2022-10-26 20:30:00,26.069028,27.38003564,25.80833772,26.65841472,10240857.88699141
2022-10-27 20:30:00,27.87496936,27.9958692,25.75166592,25.94812816,8981341.24908685
2022-10-28 20:30:00,25.880122,27.05889544,25.82722832,26.824652,6390910.02932676
2022-10-31 20:30:00,26.65085848,26.68863968,25.60809736,25.97079688,5865701.7246673
2022-11-01 20:30:00,26.49217744,27.14201408,26.38752352,26.97199868,11592190.03102072
2022-11-02 20:30:00,26.85487696,27.21002024,26.09925296,26.12947792,5490302.05499031
2022-11-03 20:30:00,25.74410968,25.88767824,24.95826072,25.47208504,4248941.27237886
2022-11-04 20:30:00,26.24131027,26.8624332,26.05391552,26.77931456,4627613.7338147
2022-11-07 21:30:00,27.03169298,27.70117584,26.58285232,27.67095088,5129327.54915143
2022-11-08 21:30:00,27.87496936,28.00342544,27.0891204,27.59538848,3426206.6848062
2022-11-09 21:30:00,26.99844552,27.11934536,25.89523448,25.9556844,6920903.78283379
2022-11-10 21:30:00,27.2402452,28.5625872,26.94555184,28.524806,5936029.03031137
2022-11-11 21:30:00,28.713712,30.21740376,28.60792464,30.036054,5189861.62429992
2022-11-14 21:30:00,29.76402936,30.47431592,29.4315548,29.9227104,4743689.98337798
2022-11-15 21:30:00,30.64810944,30.95791528,29.62801704,29.81692304,4676280.79573968
2022-11-16 21:30:00,29.25020504,29.25776128,27.26669204,27.51982608,9069223.58209903
2022-11-17 21:30:00,26.84732072,27.62561344,26.60552104,27.60294472,5861128.02134395
2022-11-18 21:30:00,28.06387536,28.30567504,27.36114504,27.85230064,2963704.1703281
2022-11-21 21:30:00,27.45181992,27.48204488,26.80613921,27.1646828,4486912.80319312
2022-11-22 21:30:00,27.19490776,27.72384456,27.09667664,27.37625752,3710899.86554159
2022-11-23 21:30:00,27.22513272,28.04120664,27.21757648,27.958088,4303321.49322944
2022-11-25 21:30:00,27.67850712,28.31323128,27.62561344,28.21500016,1616397.8380782
2022-11-28 21:30:00,27.77673824,27.85230064,27.1269016,27.28558264,3574359.73447111
2022-11-29 21:30:00,27.5424948,27.61050096,26.98333304,27.22513272,2633704.06445534
2022-11-30 21:30:00,26.76420208,27.85985688,26.03502492,27.769182,8746485.0242978
2022-12-01 21:30:00,27.66339464,28.2981188,26.97199868,27.08156416,8111207.42591554
2022-12-02 21:30:00,26.52618052,26.90399252,26.24282152,26.7868708,5786272.00830043
2022-12-05 21:30:00,26.68108344,26.96066432,26.12947792,26.28815896,4031620.22381502
2022-12-06 21:30:00,26.22770904,26.31082768,25.35496332,25.60809736,7446882.31183763
2022-12-07 21:30:00,25.34362896,25.83478456,24.95070448,25.79700336,5137651.79507268
2022-12-08 21:30:00,26.05391552,26.730199,25.9556844,26.62063352,11960459.17016929
2022-12-09 21:30:00,26.60552104,27.48204488,26.4090588,26.98333304,7119264.34311245
2022-12-12 21:30:00,26.84732072,27.41781684,26.70375216,27.36114504,5367995.1933766
2022-12-13 21:30:00,28.4492436,28.7514932,27.108011,27.4291512,7815512.74178692
2022-12-14 21:30:00,27.32714196,27.78429448,26.8813238,27.07400792,5109812.55227468
2022-12-15 21:30:00,25.50986624,25.56275992,24.27064288,24.33864904,14339537.91832975
2022-12-16 21:30:00,24.1421868,24.6711236,23.99861824,24.13463056,12793139.18033308
2022-12-19 21:30:00,24.18752424,24.28575536,23.44701272,23.84749344,6169418.91734514
2022-12-20 21:30:00,24.13463056,24.68623608,23.9532808,24.24041792,7380043.51370523
2022-12-21 21:30:00,24.61822992,24.62200804,23.67369992,23.71148112,6258538.63826453
2022-12-22 21:30:00,23.10698192,23.19010056,22.46470152,23.15231936,7202295.05680074
2022-12-23 21:30:00,23.14476312,23.26566296,22.84251352,23.11453816,3385535.66323992
2022-12-27 21:30:00,22.97852584,23.63591872,22.51003896,23.55280008,4514914.82536288
2022-12-28 21:30:00,23.51501888,23.6888124,22.79717608,22.82740104,3970624.27874181
2022-12-29 21:30:00,23.09186944,23.90038712,22.99363832,23.85504968,5729473.91824505
2022-12-30 21:30:00,23.50746264,23.85504968,23.32157914,23.8399372,3483188.72878575
2023-01-03 21:30:00,24.12707432,24.39909896,23.39411904,23.73414984,4600029.9090553
2023-01-04 21:30:00,24.51244256,25.34740708,24.42932392,24.9733732,8401556.85896689
2023-01-05 21:30:00,25.28317904,26.72649644,25.13205424,26.62063352,13289932.55905053
2023-01-06 21:30:00,27.1269016,28.29434068,26.5766562,28.08654408,11100822.63136163
2023-01-09 21:30:00,28.19233144,28.69859952,27.66339464,28.40390616,10226570.35774406
2023-01-10 21:30:00,28.29056256,28.88750552,28.19988768,28.84216808,8668546.79046722
2023-01-11 21:30:00,28.95551168,29.0537428,28.57769968,29.03107408,4027688.37411199
2023-01-12 21:30:00,29.02729596,29.185977,28.40390616,28.68348704,5415316.3478132
2023-01-13 21:30:00,28.38879368,28.51724976,27.94297552,28.12432528,5470755.29628493
2023-01-17 21:30:00,28.16966272,28.38879368,27.82963192,28.19988768,8846506.99289594
2023-01-18 21:30:00,28.62303712,28.98573664,28.19988768,28.31323128,3680785.68176765
2023-01-19 21:30:00,27.85985688,28.808165,27.66717276,28.3736812,5622914.30658635
2023-01-20 21:30:00,28.49458104,29.06885528,28.1092128,29.06129904,6771877.28288143
2023-01-23 21:30:00,30.4894284,31.72865176,30.24007248,31.57752696,10957404.74098229
2023-01-24 21:30:00,31.07881512,31.67575808,30.78034364,31.0561464,6342580.43683102
2023-01-25 21:30:00,30.70100312,31.37350848,30.47431592,31.21482744,4068854.35084116
2023-01-26 21:30:00,32.09135128,33.1152218,31.60019568,33.06610624,9103568.70612898
2023-01-27 21:30:00,32.72607544,34.10886736,32.68829424,33.98041128,7137381.81952929
2023-01-30 21:30:00,33.17944984,33.85951144,33.1341124,33.42880576,9005601.99252538
2023-01-31 21:30:00,32.45782892,33.27012472,31.96667332,33.2096748,8346213.19598107
2023-02-01 21:30:00,33.12655616,33.52703688,31.01330252,32.73363168,20481507.99868718
2023-02-02 21:30:00,33.27768096,34.18442976,32.73363168,33.68571792,7128022.66735837
2023-02-03 21:30:00,32.9452064,33.86706768,32.54094756,32.680738,7674073.34864959
2023-02-06 21:30:00,32.02334512,32.2462542,31.7739892,31.925114,4685985.357797
2023-02-07 21:30:00,31.925114,32.6996286,31.64553312,32.55228192,5170379.71266132
2023-02-08 21:30:00,32.21225112,32.93765016,32.1895824,32.29536976,3824943.35807227
2023-02-09 21:30:00,32.5296132,32.7940816,31.61908628,31.72865176,4380539.79227764
2023-02-10 21:30:00,32.1518012,32.87720024,31.97045144,32.49938824,4003953.02425545
2023-02-13 21:30:00,32.33315096,32.74118792,32.0762388,32.52205696,3680888.90771071
2023-02-14 21:30:00,32.1895824,33.05855,31.87222032,32.97543136,2870072.9463331
2023-02-15 21:30:00,32.6051756,33.01321256,32.52205696,32.99810008,4280619.72621304
2023-02-16 21:30:00,32.491832,32.67695988,32.01578888,32.16691368,2653015.25626502
2023-02-17 21:30:00,32.0006764,32.11402,31.29794608,31.41884592,3884720.44297164
2023-02-21 21:30:00,30.91257784,31.07881512,30.20229128,30.2627412,3611667.97243073
2023-02-22 21:30:00,30.19473504,30.64810944,29.71869192,29.90004168,3310119.84796671
2023-02-23 21:30:00,30.40630976,30.5649908,29.5448984,30.06627896,6970879.69678041
2023-02-24 21:30:00,29.41644232,29.7715856,29.18219888,29.55245464,3482763.91432776
2023-02-27 21:30:00,29.93782288,30.02094152,29.00908542,29.09908024,3179909.58466115
2023-02-28 21:30:00,29.34087992,29.34087992,28.91773048,29.07641152,4829682.48758642
2023-03-01 21:30:00,29.18219888,29.34843616,28.70237764,28.80438688,4806440.76948324
2023-03-02 21:30:00,28.59281216,29.10663648,28.09493151,29.00084912,3428543.82602988
2023-03-03 21:30:00,29.0159616,29.3182112,28.87239304,29.15953016,2992549.20436619
2023-03-06 21:30:00,29.28798624,29.35221428,28.45679984,28.54747472,8190932.2626068
2023-03-07 21:30:00,28.44168736,28.53991848,27.9958692,28.19233144,5461642.29828592
2023-03-08 21:30:00,28.29056256,28.66081832,28.13188152,28.6381496,3260146.58083915
2023-03-09 21:30:00,28.6381496,28.97062416,27.98831296,28.00342544,3524626.00446783
2023-03-10 21:30:00,27.93541928,27.98831296,27.02111424,27.24780144,7103739.42595788
2023-03-13 20:30:00,26.65085848,27.06267356,26.07658424,26.68863968,10973922.21528167
2023-03-14 20:30:00,27.29313888,27.48204488,26.4090588,26.66597096,5287746.28651287
2023-03-15 20:30:00,25.9556844,26.4090588,25.60054112,25.98590936,5867493.62116608
2023-03-16 20:30:00,25.58542864,26.80953952,25.50231,26.70375216,6526177.04043281
2023-03-17 20:30:00,26.70375216,27.11934536,26.4279494,26.50728992,8358708.82872963
2023-03-20 20:30:00,26.54507112,26.77931456,26.30327144,26.5979648,7188658.64504039
2023-03-21 20:30:00,26.99844552,27.51226984,26.4279494,26.80198328,5237824.63235683
2023-03-22 20:30:00,26.635746,27.1269016,26.19748408,26.2201528,3009631.77453337
2023-03-23 20:30:00,26.38639008,27.14957032,26.16725912,26.65085848,3348060.67567997
2023-03-24 20:30:00,26.40150256,26.73775524,26.35616512,26.64330224,2797644.06636105
2023-03-27 20:30:00,26.99088928,26.99088928,26.42417128,26.60552104,5247685.35673827
2023-03-28 20:30:00,26.46950872,26.53751488,25.86500952,26.15214664,4016914.49715732
2023-03-29 20:30:00,26.635746,27.769182,26.635746,27.6558384,4902215.91691106
2023-03-30 20:30:00,27.86741312,28.2603376,27.86741312,28.16966272,2941224.73611214
2023-03-31 20:30:00,27.98453484,28.69104328,27.8447444,28.46435608,3394831.29175357
2023-04-03 20:30:00,28.4492436,28.47946856,27.81074132,28.1092128,3245033.2440473
2023-04-04 20:30:00,28.0336504,28.13074808,26.93421748,27.15712656,4777714.84230252
2023-04-05 20:30:00,26.88510192,26.88510192,26.24659964,26.49217744,8117545.23413761
2023-04-06 20:30:00,26.3334964,26.75286772,26.19748408,26.5601836,6179863.26532773
2023-04-10 20:30:00,27.580276,29.03863032,27.57271976,28.74393696,12164404.51864949
2023-04-11 20:30:00,28.9403992,29.19731136,28.66837456,28.99329288,4243585.43402539
2023-04-12 20:30:00,29.32576744,29.37866112,28.38977599,28.713712,3995904.0475157
2023-04-13 20:30:00,28.74393696,28.85728056,27.4291512,27.86741312,10247112.32041333
2023-04-14 20:30:00,27.89008184,27.958088,26.71508652,26.79442704,6906896.81640604
2023-04-17 20:30:00,26.64330224,27.28180452,26.5979648,27.21757648,4892697.95559696
2023-04-18 20:30:00,27.3158076,27.39892624,26.76420208,26.99088928,3597106.49741141
2023-04-19 20:30:00,26.61307728,26.61307728,25.88767824,26.15970288,4860513.95932369
2023-04-20 20:30:00,25.52497872,25.94812816,24.99604192,25.17739168,6017745.59833992
2023-04-21 20:30:00,25.13961048,25.40030076,24.79202344,25.26806656,4691971.13908505
2023-04-24 20:30:00,25.03382312,25.124498,24.68623608,24.8600296,4125428.78468656
2023-04-25 20:30:00,24.61822992,24.71646104,24.15729928,24.24797416,3848713.1165765
2023-04-26 20:30:00,24.37643024,24.93181388,24.37643024,24.69379232,4891498.94656602
2023-04-27 20:30:00,24.76179848,24.81469216,24.2933116,24.75424224,3576800.10163785
2023-04-28 20:30:00,25.00359816,26.1068092,24.82602652,26.02369056,5179106.27507861
2023-05-01 20:30:00,26.00857808,26.17481536,25.596763,25.73655344,3612774.34279483
2023-05-02 20:30:00,25.7667784,25.84989704,25.10938552,25.29073528,3011897.45164262
2023-05-03 20:30:00,25.4267476,25.5400912,24.92803576,24.9733732,2742361.28021344
2023-05-04 20:30:00,24.94314824,25.03760124,24.66356736,24.96581696,3235952.00787693
2023-05-05 20:30:00,25.29829152,25.4645288,24.95070448,25.2756228,4012953.53244471
2023-05-08 20:30:00,25.19250416,25.89145636,24.91292328,25.82722832,5345899.54792331
2023-05-09 20:30:00,25.09427304,25.53253496,24.4066552,25.3889664,7826688.93523763
2023-05-10 20:30:00,25.66099104,26.069028,24.42176768,24.84491712,5424811.81116534
2023-05-11 20:30:00,24.7089048,24.746686,24.18752424,24.5955612,4872997.68138651
2023-05-12 20:30:00,24.73157352,24.96581696,24.45954888,24.95826072,4481551.67120155
2023-05-15 20:30:00,27.00600176,27.958088,26.11436544,27.769182,13819431.35739468
2023-05-16 20:30:00,27.769182,28.02609416,27.07778604,27.66339464,5817381.39603824
2023-05-17 20:30:00,27.89008184,28.31285347,27.55760728,27.94297552,5152781.01277884
2023-05-18 20:30:00,27.97320048,29.37110488,27.89008184,29.27287376,7906485.23604332
2023-05-19 20:30:00,29.25776128,29.37110488,28.6381496,28.95551168,4146636.42234762
2023-05-22 20:30:00,28.902618,29.23887068,28.39634992,28.99329288,4344701.86230189
2023-05-23 20:30:00,28.97062416,29.26380627,28.524806,28.5625872,3349043.96895811
2023-05-24 20:30:00,28.23766888,28.6003684,28.052541,28.13188152,3761855.10253777
2023-05-25 20:30:00,28.63059336,28.80438688,27.9014162,28.6003684,4404358.51693435
2023-05-26 20:30:00,28.73638072,30.21362564,28.70615576,30.00582904,7027425.01561623
2023-05-30 20:30:00,30.36852856,30.74256244,29.87737296,30.1871788,7268644.19340836
2023-05-31 20:30:00,29.3559924,29.64312952,29.0159616,29.26531752,10082432.53258234
2023-06-01 20:30:00,29.09908024,29.81692304,29.09908024,29.44666728,4053606.02627762
2023-06-02 20:30:00,29.98316032,30.50076276,29.66202012,30.40630976,4640235.09046828
2023-06-05 20:30:00,30.32319112,30.36852856,29.42399856,29.469336,2943389.83409738
2023-06-06 20:30:00,29.1670864,30.06627896,29.11419272,29.83203552,3237705.52549945
2023-06-07 20:30:00,30.2627412,30.78789988,29.86981672,30.24007248,5706023.10143669
2023-06-08 20:30:00,30.22496,30.413866,29.46298876,30.3005224,4793076.98008533
2023-06-09 20:30:00,30.62544072,30.75011868,29.847148,30.05872272,2986989.56094566
2023-06-12 20:30:00,30.09650392,30.51209712,29.9982728,30.45920344,4616724.72023123
2023-06-13 20:30:00,30.83701544,30.96547152,30.43653472,30.66322192,5652822.03847416
2023-06-14 20:30:00,30.61788448,30.95791528,30.33074736,30.57254704,3358196.6692429
2023-06-15 20:30:00,30.3760848,31.10904008,30.31563488,31.04103392,3803482.94919166
2023-06-16 20:30:00,31.29794608,31.33572728,30.16451008,30.58010328,7333299.36582216
2023-06-20 20:30:00,30.24007248,30.42142224,29.33332368,29.56001088,5794981.36639387
2023-06-21 20:30:00,29.33332368,29.5448984,28.96911291,29.03107408,3941841.44495146
2023-06-22 20:30:00,28.902618,29.04996468,28.72126824,28.9781804,3071186.19842673
2023-06-23 20:30:00,28.5625872,28.81949936,28.35856872,28.60792464,6416037.6060051
2023-06-26 20:30:00,28.6003684,28.91773048,28.3547906,28.38123744,2464487.62876775
2023-06-27 20:30:00,28.44168736,28.99283951,27.95430988,28.87239304,8567137.88868538
2023-06-28 20:30:00,28.72882448,28.86332555,28.25278136,28.6003684,3497255.24864218
2023-06-29 20:30:00,28.74393696,28.85350244,28.3170094,28.4114624,3395409.62171662
2023-06-30 20:30:00,28.60792464,28.91017424,28.44168736,28.66081832,4306532.08474056
2023-07-03 20:30:00,28.61548088,29.11419272,28.58525592,29.09908024,1760072.46990567
2023-07-05 20:30:00,28.77416192,28.85728056,28.27545008,28.45679984,2707707.80176384
2023-07-06 20:30:00,28.01853792,28.24522512,27.5424948,28.23011264,3470314.60091262
2023-07-07 20:30:00,28.3736812,28.93284296,28.32834376,28.46435608,5245616.86764846
2023-07-10 20:30:00,28.3359,28.80438688,28.22633452,28.61548088,5938959.05900289
2023-07-11 20:30:00,28.7892744,29.30687684,28.57014344,28.98573664,3854581.11441669
2023-07-12 20:30:00,29.38621736,29.53749328,28.62303712,29.03107408,3852856.71180375
2023-07-13 20:30:00,29.03107408,29.76402936,29.03107408,29.74136064,2618811.73705441
2023-07-14 20:30:00,29.6204608,30.95791528,28.97062416,29.96804784,10420727.76936677
2023-07-17 20:30:00,29.86226048,29.96804784,29.22753632,29.57512336,4082264.45957249
2023-07-18 20:30:00,29.28798624,29.3937736,28.5814778,29.06129904,5216214.67819974
2023-07-19 20:30:00,29.41644232,29.97560408,29.34843616,29.41644232,4268604.49112257
2023-07-20 20:30:00,29.12174896,29.37110488,28.78171816,28.92528672,5371356.65357374
2023-07-21 20:30:00,29.13686144,29.27287376,28.64570584,28.9403992,3609439.35078822
2023-07-24 20:30:00,28.99329288,29.47311412,28.81949936,29.40888608,4675190.3062899
2023-07-25 20:30:00,29.49956096,29.57512336,29.00840536,29.19731136,3520000.68817295
2023-07-26 20:30:00,29.03863032,29.5826796,29.03863032,29.37866112,3325381.40662552
2023-07-27 20:30:00,30.4516472,31.76643296,30.4516472,31.49440832,7573252.04069749
2023-07-28 20:30:00,31.97045144,32.28025728,31.63797688,31.75887672,5232528.34743206
2023-07-31 20:30:00,31.9628952,32.32559472,31.83821724,32.15935744,7877485.36309064
2023-08-01 20:30:00,31.736208,32.50316636,31.12415256,32.39360088,7297966.9782855
2023-08-02 20:30:00,31.9628952,32.52205696,31.87222032,32.05357008,5036029.82435709
2023-08-03 20:30:00,31.75887672,32.99432196,31.547302,32.68829424,5046794.43744508
2023-08-04 20:30:00,32.58250688,33.44769636,32.3784884,32.8318628,5169882.11067939
2023-08-07 20:30:00,33.0963312,33.23989976,32.6429568,32.869644,2819995.12985294
2023-08-08 20:30:00,32.54472568,32.82430656,31.92133588,32.61273184,4617518.76594709
2023-08-09 20:30:00,32.4540508,32.58250688,32.0762388,32.17446992,3630141.44601019
2023-08-10 20:30:00,32.5673944,32.62028808,31.51707704,31.8495516,3857574.66676548
2023-08-11 20:30:00,31.65308936,31.97800768,31.5850832,31.64553312,2464950.822102
2023-08-14 20:30:00,31.81932664,32.28781352,31.80421416,32.1895824,2668624.87162928
2023-08-15 20:30:00,31.91755776,31.94022648,30.9994746,31.0183652,3953961.22939451
2023-08-16 20:30:00,30.79923424,30.87857476,30.3005224,30.54232208,3132159.64553799
2023-08-17 20:30:00,30.70855936,31.19215872,30.32319112,30.44409096,2982679.21611807
2023-08-18 20:30:00,29.85470424,30.1871788,29.64312952,30.02849776,3183838.78754513
2023-08-21 20:30:00,29.99071656,30.56121268,29.8849292,30.5272096,1935139.69910961
2023-08-22 20:30:00,30.79923424,30.87479664,30.34963796,30.54232208,2430108.09609012
2023-08-23 20:30:00,30.47431592,31.1505994,30.36097232,31.0183652,1982619.66268938
2023-08-24 20:30:00,31.17704624,31.19971496,30.08894768,30.12672888,2544712.71426
2023-08-25 20:30:00,30.17206632,30.24007248,29.34843616,29.83959176,3519688.36352472
2023-08-28 20:30:00,30.3383036,31.36973036,30.24007248,31.29038984,5649136.34294305
2023-08-29 20:30:00,31.2450524,31.52463328,30.95035904,31.3961772,3058061.94615311
2023-08-30 20:30:00,31.49440832,32.52205696,31.47929584,32.12913248,4643523.76314146
2023-08-31 20:30:00,33.10388744,34.47912312,33.07366248,34.00308,9222307.65565943
2023-09-01 20:30:00,34.23732344,34.99294744,34.13909232,34.72847904,4269708.21466761
2023-09-05 20:30:00,34.3053296,35.00805992,34.05597368,34.60002296,5825636.82466412
2023-09-06 20:30:00,34.32044208,34.67558536,34.01063624,34.33555456,4496221.66580204
2023-09-07 20:30:00,33.50436816,33.50436816,32.58250688,32.81675032,5801520.33286396
2023-09-08 20:30:00,32.7940816,33.14922488,32.61273184,32.84697528,3585096.55595905
2023-09-11 20:30:00,33.23234352,33.2852372,32.32559472,32.4162696,3137991.91132097
2023-09-12 20:30:00,32.2651448,32.89986896,31.90244528,31.9628952,4605348.69194202
2023-09-13 20:30:00,32.28781352,33.06610624,32.25003232,32.65806928,4255748.89098282
2023-09-14 20:30:00,32.9829876,33.14166864,32.59761936,33.01321256,3299757.55137476
2023-09-15 20:30:00,32.96938637,33.12398704,32.70340672,32.9452064,5932390.97752321
2023-09-18 20:30:00,32.96031888,33.31546216,32.55228192,32.9829876,2922055.14912179
2023-09-19 20:30:00,32.9452064,33.45903072,32.81675032,33.18700608,4180760.53698665
2023-09-20 20:30:00,34.569798,35.43120936,34.37333576,34.4942356,11221905.33916339
2023-09-21 20:30:00,34.12397984,34.36577952,33.54214936,33.57993056,5102852.74157518
2023-09-22 20:30:00,33.88218016,35.14407224,33.87462392,34.10886736,6721291.27714313
2023-09-25 20:30:00,33.84439896,34.13153608,33.53837124,33.71594288,3554511.2383937
2023-09-26 20:30:00,33.42880576,33.95396444,33.04721564,33.45147448,4725965.55959048
2023-09-27 20:30:00,33.74616784,34.16931728,33.4552526,33.67060544,3371702.06346013
2023-09-28 20:30:00,33.71594288,34.75915737,33.69327416,34.6075792,4343501.52986141
2023-09-29 20:30:00,34.7964852,34.88716008,34.41111696,34.47912312,3324543.68839529
2023-10-02 20:30:00,34.65291664,35.14785036,34.18442976,34.35822328,3415034.46158407
2023-10-03 20:30:00,34.18442976,34.8342664,33.7386116,33.86706768,2840349.16836945
2023-10-04 20:30:00,33.98041128,34.25999216,33.6630492,34.22221096,3236268.30275375
2023-10-05 20:30:00,35.14407224,35.62011536,34.47156688,34.84182264,5317169.65051401
2023-10-06 20:30:00,34.6453604,35.1931878,34.39600448,35.0609536,4229870.94110298
2023-10-09 20:30:00,34.66802912,34.76626024,33.86706768,34.3053296,2873663.35637831
2023-10-10 20:30:00,34.3053296,34.78137272,34.1542048,34.2675484,2901896.97521519
2023-10-11 20:30:00,34.2675484,35.0609536,34.2675484,35.05339736,3310946.97892073
2023-10-12 20:30:00,35.136516,35.233387,34.29172837,34.47156688,3968101.86018443
2023-10-13 20:30:00,34.81159768,35.2498596,34.44889816,34.5320168,4117686.83895694
2023-10-16 20:30:00,34.60002296,34.75114776,34.27510464,34.569798,2966537.59012419
2023-10-17 20:30:00,34.08619864,34.76626024,32.93047173,33.35324336,10395594.89905032
2023-10-18 20:30:00,33.12655616,33.98041128,33.11899992,33.5874868,5041705.92781595
2023-10-19 20:30:00,33.54214936,33.67816168,32.36337592,32.53716944,4509011.09546547
2023-10-20 20:30:00,32.49938824,32.80919408,32.2273636,32.38604464,4987341.58787969
2023-10-23 20:30:00,32.0762388,32.25003232,31.4717396,31.59263944,5378816.71307423
2023-10-24 20:30:00,31.9628952,32.491832,31.88355468,32.46160704,5709737.91197739
2023-10-25 20:30:00,32.44649456,32.85830964,31.75887672,31.87222032,3658369.77120896
2023-10-26 20:30:00,31.8117704,31.99312016,26.91532688,28.91017424,23652297.9683017
2023-10-27 20:30:00,29.21998008,29.77914184,28.77416192,29.44666728,8646292.33587075
2023-10-30 20:30:00,32.6051756,33.37591208,30.837091,31.5850832,22445185.70082475
2023-10-31 20:30:00,29.469336,31.3961772,29.03863032,30.3383036,25803338.69755328
2023-11-01 20:30:00,30.08894768,31.63042064,30.04361024,31.53974576,27738577.65237738
2023-11-02 20:30:00,31.641755,32.43893832,31.60775192,31.85710784,10134172.55142769
2023-11-03 20:30:00,32.01578888,33.02832504,31.9522409,32.49938824,5928660.2860682
2023-11-06 21:30:00,32.28025728,33.0207688,31.56997072,32.62028808,5857433.06194615
2023-11-07 21:30:00,32.35581968,32.680738,32.06868256,32.55983816,7570431.85499667
2023-11-08 21:30:00,32.5673944,32.83941904,32.22743916,32.68451612,4128729.36804548
2023-11-09 21:30:00,33.0207688,34.22221096,32.93009392,33.38346832,8200980.91114099
2023-11-10 21:30:00,33.51948064,34.14287044,33.27768096,34.00308,5325849.89359788
2023-11-13 21:30:00,33.76128032,34.14664856,33.34568712,34.13909232,4576348.81898934
2023-11-14 21:30:00,34.88716008,35.12140352,34.5320168,34.66047288,5629667.66539972
2023-11-15 21:30:00,34.40356072,34.95138812,34.17687352,34.78137272,4798095.34900956
2023-11-16 21:30:00,34.52446056,35.01561616,34.17687352,34.76626024,4681301.81148296
2023-11-17 21:30:00,34.9853912,35.37075944,34.84182264,35.22719088,4592053.7198395
2023-11-20 21:30:00,35.2876408,35.83169008,35.2120784,35.7787964,4972224.28085926
2023-11-21 21:30:00,35.21963464,35.54455296,34.84182264,34.94005376,5770919.1343843
2023-11-22 21:30:00,35.06850984,35.69567776,35.06850984,35.44632184,4558010.33318158
2023-11-24 21:30:00,35.18185344,35.35564696,34.7964852,35.2120784,2993675.42587319
2023-11-27 21:30:00,35.06850984,35.91480872,34.97405684,35.67300904,5642666.19376833
2023-11-28 21:30:00,35.46143432,35.61255912,35.07606608,35.43120936,5569988.51280531
2023-11-29 21:30:00,35.98281488,36.44374552,35.608781,35.75612768,6307233.49178957
2023-11-30 21:30:00,35.94503368,36.59487032,35.48410304,36.50419544,22161338.17877675
2023-12-01 21:30:00,36.1566084,36.91978864,35.98281488,36.56464536,15173005.35716176
2023-12-04 21:30:00,36.02815232,36.29262072,35.4387656,35.86947128,5087131.9598107
2023-12-05 21:30:00,35.6654528,35.89214,35.11384728,35.34053448,4086246.59883752
2023-12-06 21:30:00,36.11127096,36.7611076,35.34053448,35.37831568,4538104.93049453
2023-12-07 21:30:00,35.80146512,36.06593352,35.32587537,35.74857144,5038589.29838121
2023-12-08 21:30:00,35.61255912,36.35307064,35.53699672,36.16416464,11190163.36167194
2023-12-11 21:30:00,36.5910922,37.53940032,36.56464536,37.20692576,8017001.84218606
2023-12-12 21:30:00,37.22959448,37.88698736,37.13136336,37.49406288,6467678.36913597
2023-12-13 21:30:00,37.44872544,38.29502432,37.44872544,38.10611832,9107562.75607974
2023-12-14 21:30:00,38.52926776,39.46646821,38.4612616,38.6501676,10739530.5072364
2023-12-15 21:30:00,38.536824,38.77862368,37.97766224,38.29502432,9645109.20775412
2023-12-18 21:30:00,38.21190568,38.4612616,37.99277472,38.17412448,4169279.95934486
2023-12-19 21:30:00,38.17412448,38.60860828,38.00033096,38.49148656,5027451.48380676
2023-12-20 21:30:00,38.41592416,38.43859288,37.29760064,37.33538184,6884147.40664669
2023-12-21 21:30:00,38.72573,39.60981008,38.42355596,39.57958512,9723153.31434682
2023-12-22 21:30:00,39.67026,39.95739712,39.46624152,39.79115984,3886196.04459361
2023-12-26 21:30:00,39.85160976,40.20675304,39.80627232,39.86672224,2661203.19100505
2023-12-27 21:30:00,39.94984088,40.18408432,39.50402272,39.60981008,2868075.92135771
2023-12-28 21:30:00,39.67026,40.0102908,39.5569164,39.99517832,5558329.27487745
2023-12-29 21:30:00,39.91205968,40.05562824,39.39823536,39.57202888,4602914.94182292
2024-01-02 21:30:00,39.11109824,39.2546668,38.29502432,38.43103664,9516074.13210803
2024-01-03 21:30:00,37.84920616,38.46881784,37.7812,38.03811216,7831970.66265762
2024-01-04 21:30:00,38.0078872,38.37814296,37.73586256,37.79631248,6141972.72717648
2024-01-05 21:30:00,37.54695656,38.0456684,37.53184408,37.8189812,6307426.70958043
2024-01-08 21:30:00,37.88698736,38.27991184,37.8189812,37.92476856,4486558.12944004
2024-01-09 21:30:00,37.42152298,37.79631248,37.28248816,37.35049432,6351067.46212402
2024-01-10 21:30:00,37.31271312,38.28746808,36.99535104,38.16656824,5693242.93563995
2024-01-11 21:30:00,38.13634328,38.61994264,37.53940032,38.2345744,4106424.62388701
2024-01-12 21:30:00,38.45370536,38.67283632,37.7812,37.78497812,3731130.82697215
2024-01-16 21:30:00,38.99775464,39.68537248,38.44992724,39.46624152,10670338.68696601
2024-01-17 21:30:00,39.42090408,39.87427848,39.103542,39.53424768,7153494.33051359
2024-01-18 21:30:00,40.03295952,40.50900264,39.86672224,40.4636652,7470707.65354197
2024-01-19 21:30:00,40.803696,41.40063896,40.5392276,41.38552648,6348930.15573883
2024-01-22 21:30:00,43.69773592,44.37779752,42.692756,43.070568,21801021.4074725
2024-01-23 21:30:00,44.07554792,44.6951596,43.2216928,43.62217352,14452873.38676379
2024-01-24 21:30:00,44.581816,44.62715344,43.60706104,43.84886072,12868532.49764433
2024-01-25 21:30:00,44.581816,45.7530332,44.53647856,45.58679592,31561660.29665548
2024-01-26 21:30:00,44.47602864,44.8840656,43.22924904,43.99998552,25999422.99344648
2024-01-29 21:30:00,44.8840656,45.6774708,44.61204096,45.148534,12414008.81920108
2024-01-30 21:30:00,45.02763416,45.148534,43.67884532,43.91686688,12859664.33040772
2024-01-31 21:30:00,43.59194856,43.96220432,43.22924904,43.259474,7673088.73196193
2024-02-01 21:30:00,43.25191776,43.58439232,42.76076216,43.3728176,9624863.68881878
2024-02-02 21:30:00,43.259474,44.015098,43.070568,43.94709184,7317880.32142971
2024-02-05 21:30:00,43.87908568,44.21533836,43.28561859,44.18133528,6402880.26849333
2024-02-06 21:30:00,44.6195972,44.76316576,44.01887612,44.1662228,6864767.39754164
2024-02-07 21:30:00,44.18133528,44.37024128,43.56927984,43.78085456,6546826.19927371
2024-02-08 21:30:00,43.50127368,43.81107952,43.08568048,43.16124288,9883779.49879834
2024-02-09 21:30:00,42.692756,43.33276953,42.48873752,42.93455568,8626410.75455518
2024-02-12 21:30:00,42.74564968,43.87530756,42.70031224,43.31236768,5902209.29986342
2024-02-13 21:30:00,42.25449408,42.26960656,41.40063896,41.81623216,8697583.71888664
2024-02-14 21:30:00,42.26205032,42.73809344,42.22426912,42.37539392,5246287.83627836
2024-02-15 21:30:00,42.45095632,42.74564968,42.19404416,42.32250024,5804321.99083142
2024-02-16 21:30:00,42.34516896,42.5416312,40.74324608,40.803696,7986337.12004913
2024-02-20 21:30:00,40.77347104,40.90948336,40.26720296,40.90192712,6804136.71349772
2024-02-21 21:30:00,40.71302112,40.80445162,39.96495336,40.34276536,5622444.49620446
2024-02-22 21:30:00,41.30240784,42.314944,41.12861432,42.0882568,6750964.76554477
2024-02-23 21:30:00,41.92957576,42.47362504,41.77845096,42.36028144,4186767.49282712
2024-02-26 21:30:00,42.87410576,43.58817044,42.65777061,43.13101792,8158868.69660043
2024-02-27 21:30:00,44.015098,44.1284416,43.28969896,43.43326752,8343219.64363228
2024-02-28 21:30:00,42.94966816,43.67128908,42.787209,43.41815504,5470777.79424688
2024-02-29 21:30:00,43.90931064,45.0729716,43.5995048,44.93695928,10190699.34253015
2024-03-01 21:30:00,46.093064,48.76419484,45.82103936,48.5866232,22601521.39159159
2024-03-04 21:30:00,49.11556,49.14578496,47.78943988,48.60173568,8245544.08012451
2024-03-05 21:30:00,47.8309992,48.57906696,46.97714408,47.97456776,9444103.15183213
2024-03-06 21:30:00,49.06266632,49.81073408,48.05013016,48.8888728,12301415.78351138
2024-03-07 21:30:00,48.98710392,49.16089744,47.95189904,48.57151072,9032878.78627465
2024-03-08 21:30:00,49.01732888,49.66716552,47.46074344,47.604312,8638701.25882714
2024-03-11 20:30:00,47.0753752,47.4720778,46.14595768,46.8864692,9615132.65857093
2024-03-12 20:30:00,47.3398436,47.87255852,46.61444456,47.58164328,7550764.66602437
2024-03-13 20:30:00,47.3398436,47.604312,46.86380048,47.21138752,4573544.51420283
2024-03-14 20:30:00,47.09804392,47.14338136,45.44700548,45.9419392,4572133.75964766
2024-03-15 20:30:00,45.51123352,45.73792072,45.0351904,45.17875896,7621477.08384064
2024-03-18 20:30:00,45.36010872,45.69258328,44.57425976,44.81605944,5114895.7682657
2024-03-19 20:30:00,44.51380984,45.53390224,44.18133528,45.19387144,5730573.67156152
2024-03-20 20:30:00,45.4885648,45.95705168,44.89162184,45.88148928,5606284.34247721
2024-03-21 20:30:00,48.9644352,49.87496212,48.14836128,48.16347376,15359694.76882683
2024-03-22 20:30:00,48.06524264,48.66974184,47.67231816,48.31459856,7198563.0419362
2024-03-25 20:30:00,47.74032432,49.51604072,47.62698072,49.10044752,8283324.77528506
2024-03-26 20:30:00,49.7200592,52.34963072,49.52359696,51.4957756,15125172.04323844
2024-03-27 20:30:00,52.12294352,52.15316848,50.1923242,51.11040736,8315204.38736726
2024-03-28 20:30:00,51.67712536,52.28162456,51.4202132,51.56378176,10501983.79088012
2024-04-01 20:30:00,52.07760608,54.6693964,52.05493736,53.5359604,16543583.84593396
2024-04-02 20:30:00,52.515868,52.68210528,51.18596976,52.00959992,8796839.43336898
2024-04-03 20:30:00,52.08516232,54.49560288,51.45421628,54.11779088,14463672.40849947
2024-04-04 20:30:00,55.26633936,56.56601264,53.14303592,53.30171696,12834875.54656813
2024-04-05 20:30:00,55.28145184,55.50436092,53.49062296,55.24367064,10936330.7676834
2024-04-08 20:30:00,56.6718,58.12259808,54.08000968,55.1227708,9992275.25859422
2024-04-09 20:30:00,57.18562432,57.238518,54.04948247,54.8960836,11019329.71954305
2024-04-10 20:30:00,54.07245344,55.22855816,53.65686024,54.593834,10165547.94448032
2024-04-11 20:30:00,54.76762752,56.05596644,54.35959056,55.8406136,7845797.64538977
2024-04-12 20:30:00,55.349458,55.40235168,54.20090952,54.44648732,7052069.54781743
2024-04-15 20:30:00,55.1983332,55.4250204,52.93901744,53.21859832,7447324.33061946
2024-04-16 20:30:00,52.88612376,53.83821,52.28162456,53.69464144,5912613.94556023
2024-04-17 20:30:00,54.56360904,55.3116768,52.82567384,53.02213608,8634510.02085693
2024-04-18 20:30:00,52.86345504,53.44022284,51.55622552,51.62423168,5753149.71467291
2024-04-19 20:30:00,50.99706376,51.69223784,49.57649064,49.9089652,9303613.96673478
2024-04-22 20:30:00,50.1356524,51.5335568,49.75028416,50.6645892,9042554.23332239
2024-04-23 20:30:00,50.7779328,53.07125164,50.7779328,52.83323008,10204331.78406191
2024-04-24 20:30:00,53.6870852,54.50315912,51.50333184,52.5536492,9793759.85940097
2024-04-25 20:30:00,50.43034576,52.9692424,49.28935352,52.47053056,11398794.90328523
2024-04-26 20:30:00,53.649304,54.23869072,50.61547364,53.92132864,18354454.06710216
2024-04-29 20:30:00,53.71731016,54.73740256,52.12672164,52.78789264,11908872.666829
2024-04-30 20:30:00,52.65943656,54.52582784,52.56876168,53.52084792,10300484.10320477
2024-05-01 20:30:00,53.02213608,54.39737176,52.03982488,53.27904824,11437324.64823775
2024-05-02 20:30:00,53.3848356,53.50573544,51.31442584,52.68210528,8437456.98919039
2024-05-03 20:30:00,53.649304,54.13290336,52.95412992,53.6115228,7945216.13924386
2024-05-06 20:30:00,54.404928,55.78771992,54.34447808,54.8583024,8668462.09225753
2024-05-07 20:30:00,54.61650272,54.98532279,53.85332248,54.01955976,5204517.06139562
2024-05-08 20:30:00,53.27904824,54.5749434,53.02969232,54.43515296,5600875.56774269
2024-05-09 20:30:00,54.29914064,54.98675848,53.77020384,54.47293416,6044315.69140207
2024-05-10 20:30:00,55.02453968,55.35701424,54.08756592,54.1026784,4898085.55577907
2024-05-13 20:30:00,54.46537792,54.8583024,53.3092732,53.62663528,5066519.85643654
2024-05-14 20:30:00,53.67197272,55.65926384,53.31682944,55.56858896,9374958.97430468
2024-05-15 20:30:00,55.94640096,57.24985236,55.82550112,57.19318056,10553277.82071507
2024-05-16 20:30:00,57.049612,57.3140804,55.9539572,55.9917384,6576328.96784644
2024-05-17 20:30:00,55.50813904,55.67528307,54.38981552,54.4804904,8198745.67245085
2024-05-20 20:30:00,54.7071776,56.09752576,54.68450888,55.1983332,7415529.41674695
2024-05-21 20:30:00,54.17748518,56.43000032,53.8004288,55.92373224,6328794.47979418
2024-05-22 20:30:00,56.1428632,56.19575688,54.8583024,55.56858896,4561725.14372227
2024-05-23 20:30:00,57.18562432,58.09992936,55.8028324,56.03707584,7137357.99815781
2024-05-24 20:30:00,56.482894,57.03449952,55.916176,56.52823144,3630875.93829735
2024-05-28 20:30:00,57.238518,57.82269091,56.87581848,57.53321136,6324965.85603422
2024-05-29 20:30:00,56.85466101,58.68175984,56.7473624,58.50796632,9957931.45797381
2024-05-30 20:30:00,57.94124832,57.994142,56.24865056,57.05716824,8320823.58421649
2024-05-31 20:30:00,57.05716824,57.53321136,54.971646,56.89093096,10191343.84296952
2024-06-03 20:30:00,57.26118672,57.5785488,56.00488626,56.65668752,5507663.86456756
2024-06-04 20:30:00,56.482894,56.5962376,55.35701424,55.87083856,5060891.39572062
2024-06-05 20:30:00,56.65668752,58.30016972,56.47911588,58.1074856,7280619.72621304
2024-06-06 20:30:00,57.9563608,58.0998538,56.74864696,56.860706,5131830.11656591
2024-06-07 20:30:00,56.58112512,57.28007732,56.26376304,56.65668752,7464391.01987232
2024-06-10 20:30:00,56.26376304,58.40217896,56.1806444,58.2586104,8047493.19767503
2024-06-11 20:30:00,58.23594168,58.53819128,57.33674912,57.82034848,5198866.10271775
2024-06-12 20:30:00,58.68175984,60.32902016,58.4852976,59.83786456,7437025.55768478
2024-06-13 20:30:00,59.67162728,60.8088414,59.49556689,60.13255792,8987917.27102369
2024-06-14 20:30:00,59.05957184,59.694296,58.11504184,59.02934688,4171945.30613109
2024-06-17 20:30:00,58.938672,60.50062237,58.38706648,60.34413264,6183695.85931627
2024-06-18 20:30:00,60.72950088,61.6211372,60.17033912,60.62371352,7230616.02066636
2024-06-20 20:30:00,60.72194464,60.80249416,57.48031768,57.64655496,7810935.068235
2024-06-21 20:30:00,57.29896792,58.0319232,56.4451128,57.25363048,9032505.5847882
2024-06-24 20:30:00,56.90226532,57.75989856,56.55090016,56.9740496,6779473.65356315
2024-06-25 20:30:00,57.23096176,58.22838544,56.7851436,58.07726064,4981785.91468773
2024-06-26 20:30:00,58.06214816,58.28127912,56.67935624,57.02694328,4848167.87185161
2024-06-27 20:30:00,56.43000032,58.74220976,55.77260744,57.89591088,5750051.61297153
2024-06-28 20:30:00,57.805236,59.07468432,57.05716824,57.25363048,11358583.10482462
2024-07-01 20:30:00,57.58610504,57.89213276,56.20331312,57.71456112,4771161.31832763
2024-07-02 20:30:00,57.25363048,59.02179064,57.01938704,58.9764532,3575321.85319683
2024-07-03 20:30:00,58.96889696,59.42227136,58.53819128,58.77999096,2592600.28797391
2024-07-05 20:30:00,58.94622824,58.94622824,58.06592628,58.31150408,3062298.18004722
2024-07-08 20:30:00,58.71954104,59.78497088,58.43240392,59.316484,4903040.40104602
2024-07-09 20:30:00,59.28625904,60.261014,59.04445936,59.26359032,4125929.03348755
2024-07-10 20:30:00,59.81519584,60.73705712,59.50161188,60.63126976,5860913.62900067
2024-07-11 20:30:00,60.57081984,60.6010448,58.40217896,58.81777216,5466652.72675299
2024-07-12 20:30:00,58.59108496,59.90587072,58.07726064,59.52050248,6026957.8520534
2024-07-15 20:30:00,60.072108,60.51792616,58.93111576,59.55828368,7153549.9137137
2024-07-16 20:30:00,59.12002176,59.77718795,58.16793552,58.22838544,5633899.92906525
2024-07-17 20:30:00,57.03827764,57.10250568,54.15557208,54.24624696,14160376.06005103
2024-07-18 20:30:00,54.80918684,54.85074616,52.00204368,53.07502976,11549303.62190719
2024-07-19 20:30:00,53.3848356,54.1404596,52.29295892,52.75766768,5711693.91125745
2024-07-22 20:30:00,53.81554128,55.2738956,53.41506056,55.20588944,7174319.50282151
2024-07-23 20:30:00,54.67695264,55.5005828,54.6693964,55.13032704,3691420.60072205
2024-07-24 20:30:00,55.09254584,56.19575688,54.27647192,54.41248424,8452484.30436302
2024-07-25 20:30:00,51.74513152,52.19850592,50.1734336,50.24143976,17999646.64965644
2024-07-26 20:30:00,51.2313072,51.6091192,50.65703296,51.57889424,5919698.15675521
2024-07-29 20:30:00,52.138056,52.26651208,49.90518708,50.19610232,8409060.59098176
2024-07-30 20:30:00,50.27166472,50.35478336,47.67231816,47.74032432,12246123.73349708
2024-07-31 20:30:00,50.15076488,51.09529488,48.86620408,50.6645892,17917556.88014145
2024-08-01 20:30:00,45.59435216,47.74788056,43.90931064,45.73792072,35583725.50368967
2024-08-02 20:30:00,44.13599784,44.1662228,41.98246944,43.24436152,17536205.8378241
2024-08-05 20:30:00,40.82636472,43.56927984,39.87427848,43.06301176,14413676.64340995
2024-08-06 20:30:00,42.78343088,44.4306912,42.78343088,43.35770512,12630202.3228484
2024-08-07 20:30:00,44.3173476,44.9785186,42.11092552,42.50385,10848689.29520502
2024-08-08 20:30:00,43.51638616,44.91429056,42.66253104,44.56670352,8029190.44392449
2024-08-09 20:30:00,44.581816,45.27699008,43.92442312,45.09564032,7060523.48787228
2024-08-12 20:30:00,45.09564032,46.46331976,44.59692848,45.61702088,9083656.68639429
2024-08-13 20:30:00,46.08550776,46.81846304,45.94949544,46.53132592,6755615.22662065
2024-08-14 20:30:00,47.037594,47.415406,45.79837064,46.47843224,5972028.41624935
2024-08-15 20:30:00,47.3776248,48.17103,46.78068184,47.982124,7492289.81609901
2024-08-16 20:30:00,47.73276808,48.68485432,47.55897456,48.3977172,5951208.53757954
2024-08-19 20:30:00,48.2088112,49.28935352,47.74788056,49.1911224,6811734.40758896
2024-08-20 20:30:00,49.1533412,49.22134736,48.53372952,48.67729808,4902500.44995924
2024-08-21 20:30:00,49.03244136,49.1911224,48.2843736,49.13822872,5701982.7321525
2024-08-22 20:30:00,48.95687896,49.48581576,48.2465924,48.39016096,4205389.18827353
2024-08-23 20:30:00,48.548842,49.14200684,47.9443428,48.6244044,4030372.24863159
2024-08-26 20:30:00,48.27681736,48.57906696,47.17360632,47.37006856,4297372.76740813
2024-08-27 20:30:00,46.72023192,47.6798744,46.21396384,47.4909684,6677671.69915196
2024-08-28 20:30:00,47.00736904,47.38518104,46.17618264,47.17360632,6184373.44499381
2024-08-29 20:30:00,47.80833048,48.52617328,46.9998128,47.62698072,5718796.65018581
2024-08-30 20:30:00,48.45061088,49.63694056,47.9443428,49.56137816,8491667.81362159
2024-09-03 20:30:00,48.75286048,48.75286048,46.9998128,47.64964944,7797126.61323621
2024-09-04 20:30:00,46.81846304,48.21636744,46.44820728,47.5665308,4871774.85098409
2024-09-05 20:30:00,47.14338136,48.05390828,47.14338136,47.30961864,3066011.66717839
2024-09-06 20:30:00,46.9620316,47.24161248,45.33744,45.91927048,5493564.25947297
2024-09-09 20:30:00,46.78068184,47.43807472,46.39909172,47.30961864,5520131.70571607
2024-09-10 20:30:00,47.27183744,47.85366792,46.8864692,47.44563096,4350780.28225678
2024-09-11 20:30:00,47.81588672,47.9443428,46.0552828,47.83855544,4787547.7750839
2024-09-12 20:30:00,47.83855544,48.43542284,47.10748922,47.793218,5270367.27261178
2024-09-13 20:30:00,48.05013016,49.22134736,48.05013016,49.13067248,4739767.39754164
2024-09-16 20:30:00,48.42038592,48.60929192,47.80833048,48.42794216,5945261.13516776
2024-09-17 20:30:00,48.86620408,50.06009,48.68485432,49.78806536,6884854.10733381
2024-09-18 20:30:00,49.4178096,49.9089652,48.43927652,48.67729808,5875137.63459075
2024-09-19 20:30:00,50.16587736,50.30944592,49.38758464,49.84851528,6379058.89701757
2024-09-20 20:30:00,49.304466,50.53613312,49.10044752,50.437902,10168672.51437223
2024-09-23 20:30:00,50.64947672,50.88372016,50.08275872,50.09031496,3848681.35474786
2024-09-24 20:30:00,50.09031496,50.52102064,48.50350456,50.21877104,8800691.87850042
2024-09-25 20:30:00,49.80317784,50.12809616,49.31202224,49.871184,5017602.67011106
2024-09-26 20:30:00,53.13547968,53.97422232,51.76780024,53.24126704,11692226.55712365
2024-09-27 20:30:00,53.24126704,53.24126704,52.0058218,52.45541808,5415108.57251755
2024-09-30 20:30:00,52.05493736,52.56120544,51.36731952,51.60156296,7049881.95187024
2024-10-01 20:30:00,51.45043816,51.58645048,50.23388352,50.44545824,4619022.15916911
2024-10-02 20:30:00,50.34722712,51.4579944,50.18854608,50.26410848,5067119.36095201
2024-10-03 20:30:00,49.871184,51.1368542,49.73139356,50.30944592,5246342.09606895
2024-10-04 20:30:00,51.2690884,51.35220704,49.78806536,50.1356524,6041373.75202482
2024-10-07 20:30:00,50.07520248,50.83838272,49.77295288,50.20365856,4316492.06483648
2024-10-08 20:30:00,50.27922096,50.437902,49.62938432,49.99964008,5127395.37124284
2024-10-09 20:30:00,49.68983424,49.75028416,48.47705772,48.72263552,5871519.43294549
2024-10-10 20:30:00,48.06524264,49.03621948,47.9443428,48.3977172,4647831.46114999
2024-10-11 20:30:00,48.15591752,49.39514088,48.11813632,49.02488512,5355228.26167512
2024-10-14 20:30:00,49.44803456,50.54368936,49.4178096,50.49835192,5858538.10890072
2024-10-15 20:30:00,50.626808,51.9302594,50.5134644,50.5890268,7906853.14389167
2024-10-16 20:30:00,50.626808,51.42776944,50.26410848,51.22375096,5877908.8541391
2024-10-17 20:30:00,51.9869312,52.10783104,50.7401516,50.8912764,4827490.92141065
2024-10-18 20:30:00,51.32198208,51.5335568,50.36989584,50.64947672,3902871.00462664
2024-10-21 20:30:00,50.37745208,51.12551984,49.92407768,50.82327024,6715740.89758928
2024-10-22 20:30:00,50.47946132,51.51088808,49.84095904,51.20108224,8323383.05824061
2024-10-23 20:30:00,50.71748288,51.21997284,49.81829032,50.33211464,7247440.52597588
2024-10-24 20:30:00,50.86105144,51.0347694,50.0223088,50.11298368,11650165.95555462
2024-10-25 20:30:00,54.84696804,55.538364,52.37993124,52.4780868,23350827.92499974
2024-10-28 20:30:00,52.59898664,53.73997888,51.58645048,52.67454904,10457533.11170635
2024-10-29 20:30:00,52.78789264,52.89368,51.19730412,51.6091192,8272717.64793072
2024-10-30 20:30:00,51.21619472,52.30421772,50.60036116,50.64192048,6205668.42768361
2024-10-31 20:30:00,50.25655224,50.97439504,49.11556,49.34980344,6050731.58078621
2024-11-01 20:30:00,49.682278,50.70992664,49.5689344,49.78050912,5061412.81907404
2024-11-04 21:30:00,49.6067156,50.24143976,49.19490052,49.28179728,3579884.96924396
2024-11-05 21:30:00,49.493372,50.72503912,49.493372,50.49835192,5522934.68709305
2024-11-06 21:30:00,52.03226864,53.03724856,51.57511612,52.82567384,7575861.80428361
2024-11-07 21:30:00,53.271492,53.82309752,52.6669928,53.22615456,4986195.5152298
2024-11-08 21:30:00,52.89368,53.22615456,52.27406832,52.59898664,4655196.23516458
2024-11-11 21:30:00,52.94657368,52.99946736,50.83838272,50.91394512,5893308.04738865
2024-11-12 21:30:00,50.0223088,50.25655224,47.63831508,48.32971104,11218833.70565255
2024-11-13 21:30:00,48.17103,48.17103,47.07159708,47.40029352,5998079.73277715
2024-11-14 21:30:00,47.415406,48.12569256,47.39273728,47.77054928,4805748.62630091
2024-11-15 21:30:00,47.1887188,47.69498688,47.0753752,47.4531872,4634715.14933353
2024-11-18 21:30:00,47.48719028,48.87376032,47.29299491,48.79819792,4802886.09149524
2024-11-19 21:30:00,48.35237976,49.42536584,48.12788387,49.33469096,3793688.39528654
2024-11-20 21:30:00,49.6067156,49.62938432,47.46829968,48.23903616,5065822.41961611
2024-11-21 21:30:00,48.71507928,50.25655224,48.2843736,49.78050912,5345927.33952336
2024-11-22 21:30:00,50.18098984,50.49079568,49.75028416,50.19610232,6856484.1773157
2024-11-25 21:30:00,50.7023704,52.84078632,50.67214544,52.4591962,11671160.52428192
2024-11-26 21:30:00,52.41763688,55.34190176,52.41008064,55.17566448,14197681.6511916
2024-11-27 21:30:00,55.19077696,55.52325152,53.3470544,54.027116,13610606.59799054
2024-11-29 21:30:00,54.404928,55.6517076,54.15557208,55.15299576,3647663.38814013
2024-12-02 21:30:00,55.29656432,55.85572608,54.91119608,55.48547032,7136689.67634697
2024-12-03 21:30:00,55.24367064,55.99929464,53.03724856,54.17068456,7116884.85278393
2024-12-04 21:30:00,54.85074616,54.85074616,53.33949816,54.66184016,5518744.77253237
2024-12-05 21:30:00,54.6693964,55.78771992,54.35581244,54.48804664,4124106.69856966
2024-12-06 21:30:00,54.71473384,54.91875232,53.40002364,53.70219768,4976968.70401152
2024-12-09 21:30:00,53.62663528,54.25002508,53.37727936,53.45284176,4135134.67015341
2024-12-10 21:30:00,53.4981792,53.64174776,51.61667544,52.00204368,4367538.61708998
2024-12-11 21:30:00,52.6669928,53.1959296,52.25895584,52.8181176,3415626.02564238
2024-12-12 21:30:00,52.8181176,52.92012684,49.10800376,49.86362776,13070971.80608345
2024-12-13 21:30:00,50.04497752,50.07520248,48.8888728,49.20623488,10583286.13172689
2024-12-16 21:30:00,48.76041672,50.3245584,48.3977172,49.3422472,7137151.54627169
2024-12-17 21:30:00,49.2666848,49.87874024,48.79064168,48.84353536,5185277.33370036
2024-12-18 21:30:00,50.20365856,50.7779328,47.6798744,48.01234896,7345331.80523647
2024-12-19 21:30:00,46.78823808,47.08293144,44.89162184,45.05030288,17917454.97760791
2024-12-20 21:30:00,44.74049704,46.4330948,44.57425976,45.51878976,16850563.24309445
2024-12-23 21:30:00,45.34499624,46.55399464,45.34499624,46.51621344,5441005.05013075
2024-12-24 21:30:00,46.36508864,46.659782,46.18373888,46.6220008,2001164.60038326
2024-12-26 21:30:00,46.47843224,46.9998128,46.44820728,46.62955704,2840202.26991202
2024-12-27 21:30:00,46.37264488,46.55399464,45.6396896,45.8663768,5507973.54239675
2024-12-30 21:30:00,45.08052784,45.43944924,44.44580368,45.05030288,5836455.69754269
2024-12-31 21:30:00,45.08808408,45.68502704,44.86139688,45.05785912,5207874.55136417
2025-01-02 21:30:00,45.23165264,47.4909684,45.23165264,46.75045688,6978204.76850921
2025-01-03 21:30:00,46.8864692,48.45061088,46.8864692,48.41282968,5486191.54500122
2025-01-06 21:30:00,49.3422472,50.97817316,49.31580036,49.6067156,8778459.9218659
2025-01-07 21:30:00,49.76539664,50.34722712,48.95687896,49.01732888,5984607.42379808
2025-01-08 21:30:00,48.4354984,49.0022164,47.89900536,48.40527344,6109627.27494098
2025-01-10 21:30:00,47.68743064,48.19369872,46.30841684,47.46829968,6158196.404561
2025-01-13 21:30:00,46.66733824,47.54386208,46.36508864,46.86380048,5229914.61361736
2025-01-14 21:30:00,47.20383128,47.7554368,46.78068184,47.40784976,5926732.07838819
2025-01-15 21:30:00,48.40527344,49.68983424,48.359936,48.83597912,6626532.50823161
2025-01-16 21:30:00,48.61684816,49.16089744,47.91411784,48.548842,7027673.8166072
2025-01-17 21:30:00,49.36869404,50.12809616,48.2088112,49.14578496,9476280.53105778
2025-01-21 21:30:00,49.59160312,51.52222244,49.33469096,50.95172632,9324214.15942321
2025-01-22 21:30:00,51.760244,53.26393576,51.59400672,51.85847512,12361286.83048712
2025-01-23 21:30:00,51.08773864,52.12294352,50.97212817,51.89625632,9342621.46252634
2025-01-24 21:30:00,52.07004984,52.47053056,50.89883264,50.93661384,8002153.1872995
2025-01-27 21:30:00,49.57649064,49.57649064,47.55897456,48.6621856,10047776.40731369
2025-01-28 21:30:00,48.79064168,48.88131656,46.71267568,47.50608088,9652532.21178787
2025-01-29 21:30:00,48.15591752,48.4732796,47.14338136,47.4531872,14116315.78668756
2025-01-30 21:30:00,50.2112148,51.07262616,48.1332488,49.70494672,21908036.2720083
2025-01-31 21:30:00,49.2666848,51.35220704,48.98846404,49.21379112,10879077.42475094
2025-02-03 21:30:00,48.38411597,50.08275872,48.01234896,48.67729808,8416625.19983484
2025-02-04 21:30:00,48.23147992,49.31202224,47.83477732,48.21636744,6843554.46624247
2025-02-05 21:30:00,48.21636744,49.31202224,47.91411784,48.90398528,7069422.093528
2025-02-06 21:30:00,49.04755384,49.46692516,48.47705772,48.72263552,4067088.9225329
2025-02-07 21:30:00,48.91909776,49.5311532,48.03501768,48.70752304,5052219.09309392
2025-02-10 21:30:00,49.5689344,52.41008064,49.48581576,52.16828096,13869656.07233227
2025-02-11 21:30:00,51.9869312,53.4226168,51.43532568,52.07760608,12219482.1763205
2025-02-12 21:30:00,51.54489116,52.15316848,50.0978712,50.83838272,10944400.91897557
2025-02-13 21:30:00,50.89883264,51.59400672,50.37745208,51.04995744,7402741.31049305
2025-02-14 21:30:00,51.28420088,52.03982488,50.98195128,51.67712536,7514157.83511376
2025-02-18 21:30:00,53.05236104,54.47293416,52.81056136,54.42759672,12392406.80550115
2025-02-19 21:30:00,54.14423772,54.60139024,53.78531632,54.027116,6932810.49834309
2025-02-20 21:30:00,54.027116,54.216022,52.82567384,53.86843496,6121355.33016421
2025-02-21 21:30:00,54.14801584,54.14801584,51.20863848,51.91514692,11986685.17675458
2025-02-24 21:30:00,52.61,52.67,48.23,49.02,18354424.0
2025-02-25 21:30:00,48.71,51.13,48.71,49.07,11679742.0
2025-02-26 21:30:00,49.77,50.71,48.77,50.16,8547001.0
2025-02-27 21:30:00,50.49,51.48,48.11,48.2,9392068.0
2025-02-28 21:30:00,48.33,50.08,48.0,48.93,9268624.0
2025-03-03 21:30:00,49.54,49.83,46.5,47.01,8841792.0
2025-03-04 21:30:00,46.21,46.35,44.25,44.63,11765684.0
2025-03-05 21:30:00,44.66,44.69,43.25,44.2,7615709.0
2025-03-06 21:30:00,42.92,43.12,41.355,41.45,11790248.0
2025-03-07 21:30:00,41.49,42.48,40.4144,41.7,12084920.0
2025-03-10 20:30:00,40.68,40.885,39.415,40.54,10563682.0
2025-03-11 20:30:00,40.4,42.84,40.31,41.8,9283833.0
2025-03-12 20:30:00,42.61,43.7,42.26,42.96,5998747.0
2025-03-13 20:30:00,42.57,43.04,41.70677,42.03,5495279.0
2025-03-14 20:30:00,43.19,44.85,42.95,44.53,7882093.0
2025-03-17 20:30:00,44.56,45.44,44.42,44.75,5734481.0
2025-03-18 20:30:00,44.54,44.56,43.67,44.34,5206079.0
2025-03-19 20:30:00,44.37,45.43,44.15,44.9,3603170.0
2025-03-20 20:30:00,44.26,45.5299,44.245,44.51,4910064.0
2025-03-21 20:30:00,43.89,44.11,43.18,43.66,7713159.0
2025-03-24 20:30:00,44.7,44.855,43.445,44.31,5619790.0
2025-03-25 20:30:00,44.09,44.28,42.54,43.39,8749529.0
2025-03-26 20:30:00,43.5,43.63,42.21,42.62,7243959.0
2025-03-27 20:30:00,42.2,42.91,41.8644,41.91,4909942.0
2025-03-28 20:30:00,41.4,41.99,40.49,40.62,4640234.0
2025-03-31 20:30:00,39.79,40.505,39.0975,40.43,8212192.0
2025-04-01 20:30:00,40.1,40.97,39.85,40.89,5292712.0
2025-04-02 20:30:00,40.32,42.225,40.26,41.78,5017511.0
2025-04-03 20:30:00,38.76,38.9,34.005,34.15,21307161.0
2025-04-04 20:30:00,32.71,33.1,29.755,30.54,22939124.0
2025-04-07 20:30:00,29.62,33.41,28.83,31.16,14472073.0
2025-04-08 20:30:00,32.65,34.785,30.72,31.55,17547238.0
2025-04-09 20:30:00,31.34,37.369,30.57,36.3,20134784.0
2025-04-10 20:30:00,35.8,36.12,33.71,34.87,15245506.0
2025-04-11 20:30:00,34.36,35.07,33.42,34.4,8654125.0
2025-04-14 20:30:00,36.46,36.62,35.28,35.82,9947418.0
2025-04-15 20:30:00,35.81,36.33,35.48,35.93,6199499.0
2025-04-16 20:30:00,35.79,36.25,35.0,35.62,7265439.0
2025-04-17 20:30:00,36.18,36.7,35.51,36.51,7393624.0
2025-04-21 20:30:00,36.09,36.2772,35.51,35.96,6676630.0
2025-04-22 20:30:00,36.36,37.0,35.98,36.68,5086929.0
2025-04-23 20:30:00,38.33,39.095,37.47,37.7,5526143.0
2025-04-24 20:30:00,38.23,40.36,38.19,40.17,5943864.0
2025-04-25 20:30:00,40.2,41.07,39.9,40.78,4158669.0
2025-04-28 20:30:00,40.59,41.125,40.18,40.91,5916486.0
2025-04-29 20:30:00,40.71,41.25,40.585,40.62,6871713.0
2025-04-30 20:30:00,42.98,44.07,41.83,43.86,15906049.0
2025-05-01 20:30:00,44.7,45.15,43.86,43.95,9378325.0
2025-05-02 20:30:00,44.99,45.38,44.48,44.69,8263610.0
2025-05-05 20:30:00,43.95,45.61,43.95,45.03,7521973.0
2025-05-06 20:30:00,44.58,44.91,44.11,44.29,4952585.0
2025-05-07 20:30:00,44.41,44.66,43.6,44.3,7564655.0
2025-05-08 20:30:00,44.95,45.1299,44.17,44.3,5320670.0
2025-05-09 20:30:00,44.6598,45.23,43.88,44.1,4960149.0
2025-05-12 20:30:00,46.88,47.49,46.395,46.57,6957449.0
2025-05-13 20:30:00,47.05,49.87,46.6801,49.01,8113728.0
2025-05-14 20:30:00,48.83,49.84,48.575,49.2,8649645.0
2025-05-15 20:30:00,49.17,49.765,48.81,49.75,8249387.0
2025-05-16 20:30:00,50.0,50.265,49.54,49.99,4955613.0
2025-05-19 20:30:00,49.06,50.8,49.02,50.72,5283150.0
2025-05-20 20:30:00,50.72,51.59,50.35,50.63,4930421.0
2025-05-21 20:30:00,50.125,51.255,49.325,49.49,7278957.0
2025-05-22 20:30:00,49.56,51.09,49.28,49.84,5802959.0
2025-05-23 20:30:00,49.22,50.39,49.0,50.18,5763168.0
2025-05-27 20:30:00,51.07,51.99,50.62,51.82,6374362.0
